acronym,color_hex_triplet,graph_order,id,name,parent_structure_id,ontology_prefix
root,#FFFFFF,0,MBA:997,root,,MBA
grey,#BFDAE3,1,MBA:8,Basic cell groups and regions,MBA:997,MBA
CH,#B0F0FF,2,MBA:567,Cerebrum,MBA:8,MBA
CTX,#B0FFB8,3,MBA:688,Cerebral cortex,MBA:567,MBA
CTXpl,#70FF70,4,MBA:695,Cortical plate,MBA:688,MBA
Isocortex,#70FF71,5,MBA:315,Isocortex,MBA:695,MBA
FRP,#268F45,6,MBA:184,"Frontal pole, cerebral cortex",MBA:315,MBA
FRP1,#268F45,7,MBA:68,"Frontal pole, layer 1",MBA:184,MBA
FRP2/3,#268F45,8,MBA:667,"Frontal pole, layer 2/3",MBA:184,MBA
FRP5,#268F45,9,MBA:526157192,"Frontal pole, layer 5",MBA:184,MBA
FRP6a,#268F45,10,MBA:526157196,"Frontal pole, layer 6a",MBA:184,MBA
FRP6b,#268F45,11,MBA:526322264,"Frontal pole, layer 6b",MBA:184,MBA
MO,#1F9D5A,12,MBA:500,Somatomotor areas,MBA:315,MBA
MO1,#1F9D5A,13,MBA:107,"Somatomotor areas, Layer 1",MBA:500,MBA
MO2/3,#1F9D5A,14,MBA:219,"Somatomotor areas, Layer 2/3",MBA:500,MBA
MO5,#1F9D5A,15,MBA:299,"Somatomotor areas, Layer 5",MBA:500,MBA
MO6a,#1F9D5A,16,MBA:644,"Somatomotor areas, Layer 6a",MBA:500,MBA
MO6b,#1F9D5A,17,MBA:947,"Somatomotor areas, Layer 6b",MBA:500,MBA
MOp,#1F9D5A,18,MBA:985,Primary motor area,MBA:500,MBA
MOp1,#1F9D5A,19,MBA:320,"Primary motor area, Layer 1",MBA:985,MBA
MOp2/3,#1F9D5A,20,MBA:943,"Primary motor area, Layer 2/3",MBA:985,MBA
MOp5,#1F9D5A,21,MBA:648,"Primary motor area, Layer 5",MBA:985,MBA
MOp6a,#1F9D5A,22,MBA:844,"Primary motor area, Layer 6a",MBA:985,MBA
MOp6b,#1F9D5A,23,MBA:882,"Primary motor area, Layer 6b",MBA:985,MBA
MOs,#1F9D5A,24,MBA:993,Secondary motor area,MBA:500,MBA
MOs1,#1F9D5A,25,MBA:656,"Secondary motor area, layer 1",MBA:993,MBA
MOs2/3,#1F9D5A,26,MBA:962,"Secondary motor area, layer 2/3",MBA:993,MBA
MOs5,#1F9D5A,27,MBA:767,"Secondary motor area, layer 5",MBA:993,MBA
MOs6a,#1F9D5A,28,MBA:1021,"Secondary motor area, layer 6a",MBA:993,MBA
MOs6b,#1F9D5A,29,MBA:1085,"Secondary motor area, layer 6b",MBA:993,MBA
SS,#188064,30,MBA:453,Somatosensory areas,MBA:315,MBA
SS1,#188064,31,MBA:12993,"Somatosensory areas, layer 1",MBA:453,MBA
SS2/3,#188064,32,MBA:12994,"Somatosensory areas, layer 2/3",MBA:453,MBA
SS4,#188064,33,MBA:12995,"Somatosensory areas, layer 4",MBA:453,MBA
SS5,#188064,34,MBA:12996,"Somatosensory areas, layer 5",MBA:453,MBA
SS6a,#188064,35,MBA:12997,"Somatosensory areas, layer 6a",MBA:453,MBA
SS6b,#188064,36,MBA:12998,"Somatosensory areas, layer 6b",MBA:453,MBA
SSp,#188064,37,MBA:322,Primary somatosensory area,MBA:453,MBA
SSp1,#188064,38,MBA:793,"Primary somatosensory area, layer 1",MBA:322,MBA
SSp2/3,#188064,39,MBA:346,"Primary somatosensory area, layer 2/3",MBA:322,MBA
SSp4,#188064,40,MBA:865,"Primary somatosensory area, layer 4",MBA:322,MBA
SSp5,#188064,41,MBA:921,"Primary somatosensory area, layer 5",MBA:322,MBA
SSp6a,#188064,42,MBA:686,"Primary somatosensory area, layer 6a",MBA:322,MBA
SSp6b,#188064,43,MBA:719,"Primary somatosensory area, layer 6b",MBA:322,MBA
SSp-n,#188064,44,MBA:353,"Primary somatosensory area, nose",MBA:322,MBA
SSp-n1,#188064,45,MBA:558,"Primary somatosensory area, nose, layer 1",MBA:353,MBA
SSp-n2/3,#188064,46,MBA:838,"Primary somatosensory area, nose, layer 2/3",MBA:353,MBA
SSp-n4,#188064,47,MBA:654,"Primary somatosensory area, nose, layer 4",MBA:353,MBA
SSp-n5,#188064,48,MBA:702,"Primary somatosensory area, nose, layer 5",MBA:353,MBA
SSp-n6a,#188064,49,MBA:889,"Primary somatosensory area, nose, layer 6a",MBA:353,MBA
SSp-n6b,#188064,50,MBA:929,"Primary somatosensory area, nose, layer 6b",MBA:353,MBA
SSp-bfd,#188064,51,MBA:329,"Primary somatosensory area, barrel field",MBA:322,MBA
SSp-bfd1,#188064,52,MBA:981,"Primary somatosensory area, barrel field, layer 1",MBA:329,MBA
SSp-bfd2/3,#188064,53,MBA:201,"Primary somatosensory area, barrel field, layer 2/3",MBA:329,MBA
SSp-bfd4,#188064,54,MBA:1047,"Primary somatosensory area, barrel field, layer 4",MBA:329,MBA
SSp-bfd5,#188064,55,MBA:1070,"Primary somatosensory area, barrel field, layer 5",MBA:329,MBA
SSp-bfd6a,#188064,56,MBA:1038,"Primary somatosensory area, barrel field, layer 6a",MBA:329,MBA
SSp-bfd6b,#188064,57,MBA:1062,"Primary somatosensory area, barrel field, layer 6b",MBA:329,MBA
VISrll,#188064,58,MBA:480149202,Rostrolateral lateral visual area,MBA:329,MBA
VISrll1,#188064,59,MBA:480149206,"Rostrolateral lateral visual area, layer 1",MBA:480149202,MBA
VISrll2/3,#188064,60,MBA:480149210,"Rostrolateral lateral visual area, layer 2/3",MBA:480149202,MBA
VISrll4,#188064,61,MBA:480149214,"Rostrolateral lateral visual area, layer 4",MBA:480149202,MBA
VISrll5,#188064,62,MBA:480149218,"Rostrolateral lateral visual area,layer 5",MBA:480149202,MBA
VISrll6a,#188064,63,MBA:480149222,"Rostrolateral lateral visual area, layer 6a",MBA:480149202,MBA
VISrll6b,#188064,64,MBA:480149226,"Rostrolateral lateral visual area, layer 6b",MBA:480149202,MBA
SSp-ll,#188064,65,MBA:337,"Primary somatosensory area, lower limb",MBA:322,MBA
SSp-ll1,#188064,66,MBA:1030,"Primary somatosensory area, lower limb, layer 1",MBA:337,MBA
SSp-ll2/3,#188064,67,MBA:113,"Primary somatosensory area, lower limb, layer 2/3",MBA:337,MBA
SSp-ll4,#188064,68,MBA:1094,"Primary somatosensory area, lower limb, layer 4",MBA:337,MBA
SSp-ll5,#188064,69,MBA:1128,"Primary somatosensory area, lower limb, layer 5",MBA:337,MBA
SSp-ll6a,#188064,70,MBA:478,"Primary somatosensory area, lower limb, layer 6a",MBA:337,MBA
SSp-ll6b,#188064,71,MBA:510,"Primary somatosensory area, lower limb, layer 6b",MBA:337,MBA
SSp-m,#188064,72,MBA:345,"Primary somatosensory area, mouth",MBA:322,MBA
SSp-m1,#188064,73,MBA:878,"Primary somatosensory area, mouth, layer 1",MBA:345,MBA
SSp-m2/3,#188064,74,MBA:657,"Primary somatosensory area, mouth, layer 2/3",MBA:345,MBA
SSp-m4,#188064,75,MBA:950,"Primary somatosensory area, mouth, layer 4",MBA:345,MBA
SSp-m5,#188064,76,MBA:974,"Primary somatosensory area, mouth, layer 5",MBA:345,MBA
SSp-m6a,#188064,77,MBA:1102,"Primary somatosensory area, mouth, layer 6a",MBA:345,MBA
SSp-m6b,#188064,78,MBA:2,"Primary somatosensory area, mouth, layer 6b",MBA:345,MBA
SSp-ul,#188064,79,MBA:369,"Primary somatosensory area, upper limb",MBA:322,MBA
SSp-ul1,#188064,80,MBA:450,"Primary somatosensory area, upper limb, layer 1",MBA:369,MBA
SSp-ul2/3,#188064,81,MBA:854,"Primary somatosensory area, upper limb, layer 2/3",MBA:369,MBA
SSp-ul4,#188064,82,MBA:577,"Primary somatosensory area, upper limb, layer 4",MBA:369,MBA
SSp-ul5,#188064,83,MBA:625,"Primary somatosensory area, upper limb, layer 5",MBA:369,MBA
SSp-ul6a,#188064,84,MBA:945,"Primary somatosensory area, upper limb, layer 6a",MBA:369,MBA
SSp-ul6b,#188064,85,MBA:1026,"Primary somatosensory area, upper limb, layer 6b",MBA:369,MBA
SSp-tr,#188064,86,MBA:361,"Primary somatosensory area, trunk",MBA:322,MBA
SSp-tr1,#188064,87,MBA:1006,"Primary somatosensory area, trunk, layer 1",MBA:361,MBA
SSp-tr2/3,#188064,88,MBA:670,"Primary somatosensory area, trunk, layer 2/3",MBA:361,MBA
SSp-tr4,#188064,89,MBA:1086,"Primary somatosensory area, trunk, layer 4",MBA:361,MBA
SSp-tr5,#188064,90,MBA:1111,"Primary somatosensory area, trunk, layer 5",MBA:361,MBA
SSp-tr6a,#188064,91,MBA:9,"Primary somatosensory area, trunk, layer 6a",MBA:361,MBA
SSp-tr6b,#188064,92,MBA:461,"Primary somatosensory area, trunk, layer 6b",MBA:361,MBA
SSp-un,#188064,93,MBA:182305689,"Primary somatosensory area, unassigned",MBA:322,MBA
SSp-un1,#188064,94,MBA:182305693,"Primary somatosensory area, unassigned, layer 1",MBA:182305689,MBA
SSp-un2/3,#188064,95,MBA:182305697,"Primary somatosensory area, unassigned, layer 2/3",MBA:182305689,MBA
SSp-un4,#188064,96,MBA:182305701,"Primary somatosensory area, unassigned, layer 4",MBA:182305689,MBA
SSp-un5,#188064,97,MBA:182305705,"Primary somatosensory area, unassigned, layer 5",MBA:182305689,MBA
SSp-un6a,#188064,98,MBA:182305709,"Primary somatosensory area, unassigned, layer 6a",MBA:182305689,MBA
SSp-un6b,#188064,99,MBA:182305713,"Primary somatosensory area, unassigned, layer 6b",MBA:182305689,MBA
SSs,#188064,100,MBA:378,Supplemental somatosensory area,MBA:453,MBA
SSs1,#188064,101,MBA:873,"Supplemental somatosensory area, layer 1",MBA:378,MBA
SSs2/3,#188064,102,MBA:806,"Supplemental somatosensory area, layer 2/3",MBA:378,MBA
SSs4,#188064,103,MBA:1035,"Supplemental somatosensory area, layer 4",MBA:378,MBA
SSs5,#188064,104,MBA:1090,"Supplemental somatosensory area, layer 5",MBA:378,MBA
SSs6a,#188064,105,MBA:862,"Supplemental somatosensory area, layer 6a",MBA:378,MBA
SSs6b,#188064,106,MBA:893,"Supplemental somatosensory area, layer 6b",MBA:378,MBA
GU,#009C75,107,MBA:1057,Gustatory areas,MBA:315,MBA
GU1,#009C75,108,MBA:36,"Gustatory areas, layer 1",MBA:1057,MBA
GU2/3,#009C75,109,MBA:180,"Gustatory areas, layer 2/3",MBA:1057,MBA
GU4,#009C75,110,MBA:148,"Gustatory areas, layer 4",MBA:1057,MBA
GU5,#009C75,111,MBA:187,"Gustatory areas, layer 5",MBA:1057,MBA
GU6a,#009C75,112,MBA:638,"Gustatory areas, layer 6a",MBA:1057,MBA
GU6b,#009C75,113,MBA:662,"Gustatory areas, layer 6b",MBA:1057,MBA
VISC,#11AD83,114,MBA:677,Visceral area,MBA:315,MBA
VISC1,#11AD83,115,MBA:897,"Visceral area, layer 1",MBA:677,MBA
VISC2/3,#11AD83,116,MBA:1106,"Visceral area, layer 2/3",MBA:677,MBA
VISC4,#11AD83,117,MBA:1010,"Visceral area, layer 4",MBA:677,MBA
VISC5,#11AD83,118,MBA:1058,"Visceral area, layer 5",MBA:677,MBA
VISC6a,#11AD83,119,MBA:857,"Visceral area, layer 6a",MBA:677,MBA
VISC6b,#11AD83,120,MBA:849,"Visceral area, layer 6b",MBA:677,MBA
AUD,#019399,121,MBA:247,Auditory areas,MBA:315,MBA
AUDd,#019399,122,MBA:1011,Dorsal auditory area,MBA:247,MBA
AUDd1,#019399,123,MBA:527,"Dorsal auditory area, layer 1",MBA:1011,MBA
AUDd2/3,#019399,124,MBA:600,"Dorsal auditory area, layer 2/3",MBA:1011,MBA
AUDd4,#019399,125,MBA:678,"Dorsal auditory area, layer 4",MBA:1011,MBA
AUDd5,#019399,126,MBA:252,"Dorsal auditory area, layer 5",MBA:1011,MBA
AUDd6a,#019399,127,MBA:156,"Dorsal auditory area, layer 6a",MBA:1011,MBA
AUDd6b,#019399,128,MBA:243,"Dorsal auditory area, layer 6b",MBA:1011,MBA
VISlla,#019399,129,MBA:480149230,Laterolateral anterior visual area,MBA:1011,MBA
VISlla1,#019399,130,MBA:480149234,"Laterolateral anterior visual area, layer 1",MBA:480149230,MBA
VISlla2/3,#019399,131,MBA:480149238,"Laterolateral anterior visual area, layer 2/3",MBA:480149230,MBA
VISlla4,#019399,132,MBA:480149242,"Laterolateral anterior visual area, layer 4",MBA:480149230,MBA
VISlla5,#019399,133,MBA:480149246,"Laterolateral anterior visual area,layer 5",MBA:480149230,MBA
VISlla6a,#019399,134,MBA:480149250,"Laterolateral anterior visual area, layer 6a",MBA:480149230,MBA
VISlla6b,#019399,135,MBA:480149254,"Laterolateral anterior visual area, layer 6b",MBA:480149230,MBA
AUDp,#019399,136,MBA:1002,Primary auditory area,MBA:247,MBA
AUDp1,#019399,137,MBA:735,"Primary auditory area, layer 1",MBA:1002,MBA
AUDp2/3,#019399,138,MBA:251,"Primary auditory area, layer 2/3",MBA:1002,MBA
AUDp4,#019399,139,MBA:816,"Primary auditory area, layer 4",MBA:1002,MBA
AUDp5,#019399,140,MBA:847,"Primary auditory area, layer 5",MBA:1002,MBA
AUDp6a,#019399,141,MBA:954,"Primary auditory area, layer 6a",MBA:1002,MBA
AUDp6b,#019399,142,MBA:1005,"Primary auditory area, layer 6b",MBA:1002,MBA
AUDpo,#019399,143,MBA:1027,Posterior auditory area,MBA:247,MBA
AUDpo1,#019399,144,MBA:696,"Posterior auditory area, layer 1",MBA:1027,MBA
AUDpo2/3,#019399,145,MBA:643,"Posterior auditory area, layer 2/3",MBA:1027,MBA
AUDpo4,#019399,146,MBA:759,"Posterior auditory area, layer 4",MBA:1027,MBA
AUDpo5,#019399,147,MBA:791,"Posterior auditory area, layer 5",MBA:1027,MBA
AUDpo6a,#019399,148,MBA:249,"Posterior auditory area, layer 6a",MBA:1027,MBA
AUDpo6b,#019399,149,MBA:456,"Posterior auditory area, layer 6b",MBA:1027,MBA
AUDv,#019399,150,MBA:1018,Ventral auditory area,MBA:247,MBA
AUDv1,#019399,151,MBA:959,"Ventral auditory area, layer 1",MBA:1018,MBA
AUDv2/3,#019399,152,MBA:755,"Ventral auditory area, layer 2/3",MBA:1018,MBA
AUDv4,#019399,153,MBA:990,"Ventral auditory area, layer 4",MBA:1018,MBA
AUDv5,#019399,154,MBA:1023,"Ventral auditory area, layer 5",MBA:1018,MBA
AUDv6a,#019399,155,MBA:520,"Ventral auditory area, layer 6a",MBA:1018,MBA
AUDv6b,#019399,156,MBA:598,"Ventral auditory area, layer 6b",MBA:1018,MBA
VIS,#08858C,157,MBA:669,Visual areas,MBA:315,MBA
VIS1,#08858C,158,MBA:801,"Visual areas, layer 1",MBA:669,MBA
VIS2/3,#08858C,159,MBA:561,"Visual areas, layer 2/3",MBA:669,MBA
VIS4,#08858C,160,MBA:913,"Visual areas, layer 4",MBA:669,MBA
VIS5,#08858C,161,MBA:937,"Visual areas, layer 5",MBA:669,MBA
VIS6a,#08858C,162,MBA:457,"Visual areas, layer 6a",MBA:669,MBA
VIS6b,#08858C,163,MBA:497,"Visual areas, layer 6b",MBA:669,MBA
VISal,#08858C,164,MBA:402,Anterolateral visual area,MBA:669,MBA
VISal1,#08858C,165,MBA:1074,"Anterolateral visual area, layer 1",MBA:402,MBA
VISal2/3,#08858C,166,MBA:905,"Anterolateral visual area, layer 2/3",MBA:402,MBA
VISal4,#08858C,167,MBA:1114,"Anterolateral visual area, layer 4",MBA:402,MBA
VISal5,#08858C,168,MBA:233,"Anterolateral visual area, layer 5",MBA:402,MBA
VISal6a,#08858C,169,MBA:601,"Anterolateral visual area, layer 6a",MBA:402,MBA
VISal6b,#08858C,170,MBA:649,"Anterolateral visual area, layer 6b",MBA:402,MBA
VISam,#08858C,171,MBA:394,Anteromedial visual area,MBA:669,MBA
VISam1,#08858C,172,MBA:281,"Anteromedial visual area, layer 1",MBA:394,MBA
VISam2/3,#08858C,173,MBA:1066,"Anteromedial visual area, layer 2/3",MBA:394,MBA
VISam4,#08858C,174,MBA:401,"Anteromedial visual area, layer 4",MBA:394,MBA
VISam5,#08858C,175,MBA:433,"Anteromedial visual area, layer 5",MBA:394,MBA
VISam6a,#08858C,176,MBA:1046,"Anteromedial visual area, layer 6a",MBA:394,MBA
VISam6b,#08858C,177,MBA:441,"Anteromedial visual area, layer 6b",MBA:394,MBA
VISl,#08858C,178,MBA:409,Lateral visual area,MBA:669,MBA
VISl1,#08858C,179,MBA:421,"Lateral visual area, layer 1",MBA:409,MBA
VISl2/3,#08858C,180,MBA:973,"Lateral visual area, layer 2/3",MBA:409,MBA
VISl4,#08858C,181,MBA:573,"Lateral visual area, layer 4",MBA:409,MBA
VISl5,#08858C,182,MBA:613,"Lateral visual area, layer 5",MBA:409,MBA
VISl6a,#08858C,183,MBA:74,"Lateral visual area, layer 6a",MBA:409,MBA
VISl6b,#08858C,184,MBA:121,"Lateral visual area, layer 6b",MBA:409,MBA
VISp,#08858C,185,MBA:385,Primary visual area,MBA:669,MBA
VISp1,#08858C,186,MBA:593,"Primary visual area, layer 1",MBA:385,MBA
VISp2/3,#08858C,187,MBA:821,"Primary visual area, layer 2/3",MBA:385,MBA
VISp4,#08858C,188,MBA:721,"Primary visual area, layer 4",MBA:385,MBA
VISp5,#08858C,189,MBA:778,"Primary visual area, layer 5",MBA:385,MBA
VISp6a,#08858C,190,MBA:33,"Primary visual area, layer 6a",MBA:385,MBA
VISp6b,#08858C,191,MBA:305,"Primary visual area, layer 6b",MBA:385,MBA
VISpl,#08858C,192,MBA:425,Posterolateral visual area,MBA:669,MBA
VISpl1,#08858C,193,MBA:750,"Posterolateral visual area, layer 1",MBA:425,MBA
VISpl2/3,#08858C,194,MBA:269,"Posterolateral visual area, layer 2/3",MBA:425,MBA
VISpl4,#08858C,195,MBA:869,"Posterolateral visual area, layer 4",MBA:425,MBA
VISpl5,#08858C,196,MBA:902,"Posterolateral visual area, layer 5",MBA:425,MBA
VISpl6a,#08858C,197,MBA:377,"Posterolateral visual area, layer 6a",MBA:425,MBA
VISpl6b,#08858C,198,MBA:393,"Posterolateral visual area, layer 6b",MBA:425,MBA
VISpm,#08858C,199,MBA:533,posteromedial visual area,MBA:669,MBA
VISpm1,#08858C,200,MBA:805,"posteromedial visual area, layer 1",MBA:533,MBA
VISpm2/3,#08858C,201,MBA:41,"posteromedial visual area, layer 2/3",MBA:533,MBA
VISpm4,#08858C,202,MBA:501,"posteromedial visual area, layer 4",MBA:533,MBA
VISpm5,#08858C,203,MBA:565,"posteromedial visual area, layer 5",MBA:533,MBA
VISpm6a,#08858C,204,MBA:257,"posteromedial visual area, layer 6a",MBA:533,MBA
VISpm6b,#08858C,205,MBA:469,"posteromedial visual area, layer 6b",MBA:533,MBA
VISli,#08858C,206,MBA:312782574,Laterointermediate area,MBA:669,MBA
VISli1,#08858C,207,MBA:312782578,"Laterointermediate area, layer 1",MBA:312782574,MBA
VISli2/3,#08858C,208,MBA:312782582,"Laterointermediate area, layer 2/3",MBA:312782574,MBA
VISli4,#08858C,209,MBA:312782586,"Laterointermediate area, layer 4",MBA:312782574,MBA
VISli5,#08858C,210,MBA:312782590,"Laterointermediate area, layer 5",MBA:312782574,MBA
VISli6a,#08858C,211,MBA:312782594,"Laterointermediate area, layer 6a",MBA:312782574,MBA
VISli6b,#08858C,212,MBA:312782598,"Laterointermediate area, layer 6b",MBA:312782574,MBA
VISpor,#08858C,213,MBA:312782628,Postrhinal area,MBA:669,MBA
VISpor1,#08858C,214,MBA:312782632,"Postrhinal area, layer 1",MBA:312782628,MBA
VISpor2/3,#08858C,215,MBA:312782636,"Postrhinal area, layer 2/3",MBA:312782628,MBA
VISpor4,#08858C,216,MBA:312782640,"Postrhinal area, layer 4",MBA:312782628,MBA
VISpor5,#08858C,217,MBA:312782644,"Postrhinal area, layer 5",MBA:312782628,MBA
VISpor6a,#08858C,218,MBA:312782648,"Postrhinal area, layer 6a",MBA:312782628,MBA
VISpor6b,#08858C,219,MBA:312782652,"Postrhinal area, layer 6b",MBA:312782628,MBA
ACA,#40A666,220,MBA:31,Anterior cingulate area,MBA:315,MBA
ACA1,#40A666,221,MBA:572,"Anterior cingulate area, layer 1",MBA:31,MBA
ACA2/3,#40A666,222,MBA:1053,"Anterior cingulate area, layer 2/3",MBA:31,MBA
ACA5,#40A666,223,MBA:739,"Anterior cingulate area, layer 5",MBA:31,MBA
ACA6a,#40A666,224,MBA:179,"Anterior cingulate area, layer 6a",MBA:31,MBA
ACA6b,#40A666,225,MBA:227,"Anterior cingulate area, layer 6b",MBA:31,MBA
ACAd,#40A666,226,MBA:39,"Anterior cingulate area, dorsal part",MBA:31,MBA
ACAd1,#40A666,227,MBA:935,"Anterior cingulate area, dorsal part, layer 1",MBA:39,MBA
ACAd2/3,#40A666,228,MBA:211,"Anterior cingulate area, dorsal part, layer 2/3",MBA:39,MBA
ACAd5,#40A666,229,MBA:1015,"Anterior cingulate area, dorsal part, layer 5",MBA:39,MBA
ACAd6a,#40A666,230,MBA:919,"Anterior cingulate area, dorsal part, layer 6a",MBA:39,MBA
ACAd6b,#40A666,231,MBA:927,"Anterior cingulate area, dorsal part, layer 6b",MBA:39,MBA
ACAv,#40A666,232,MBA:48,"Anterior cingulate area, ventral part",MBA:31,MBA
ACAv1,#40A666,233,MBA:588,"Anterior cingulate area, ventral part, layer 1",MBA:48,MBA
ACAv2/3,#40A666,234,MBA:296,"Anterior cingulate area, ventral part, layer 2/3",MBA:48,MBA
ACAv5,#40A666,235,MBA:772,"Anterior cingulate area, ventral part, layer 5",MBA:48,MBA
ACAv6a,#40A666,236,MBA:810,"Anterior cingulate area, ventral part, 6a",MBA:48,MBA
ACAv6b,#40A666,237,MBA:819,"Anterior cingulate area, ventral part, 6b",MBA:48,MBA
PL,#2FA850,238,MBA:972,Prelimbic area,MBA:315,MBA
PL1,#2FA850,239,MBA:171,"Prelimbic area, layer 1",MBA:972,MBA
PL2,#2FA850,240,MBA:195,"Prelimbic area, layer 2",MBA:972,MBA
PL2/3,#2FA850,241,MBA:304,"Prelimbic area, layer 2/3",MBA:972,MBA
PL5,#2FA850,242,MBA:363,"Prelimbic area, layer 5",MBA:972,MBA
PL6a,#2FA850,243,MBA:84,"Prelimbic area, layer 6a",MBA:972,MBA
PL6b,#2FA850,244,MBA:132,"Prelimbic area, layer 6b",MBA:972,MBA
ILA,#59B363,245,MBA:44,Infralimbic area,MBA:315,MBA
ILA1,#59B363,246,MBA:707,"Infralimbic area, layer 1",MBA:44,MBA
ILA2,#59B363,247,MBA:747,"Infralimbic area, layer 2",MBA:44,MBA
ILA2/3,#59B363,248,MBA:556,"Infralimbic area, layer 2/3",MBA:44,MBA
ILA5,#59B363,249,MBA:827,"Infralimbic area, layer 5",MBA:44,MBA
ILA6a,#59B363,250,MBA:1054,"Infralimbic area, layer 6a",MBA:44,MBA
ILA6b,#59B363,251,MBA:1081,"Infralimbic area, layer 6b",MBA:44,MBA
ORB,#248A5E,252,MBA:714,Orbital area,MBA:315,MBA
ORB1,#248A5E,253,MBA:264,"Orbital area, layer 1",MBA:714,MBA
ORB2/3,#248A5E,254,MBA:492,"Orbital area, layer 2/3",MBA:714,MBA
ORB5,#248A5E,255,MBA:352,"Orbital area, layer 5",MBA:714,MBA
ORB6a,#248A5E,256,MBA:476,"Orbital area, layer 6a",MBA:714,MBA
ORB6b,#248A5E,257,MBA:516,"Orbital area, layer 6b",MBA:714,MBA
ORBl,#248A5E,258,MBA:723,"Orbital area, lateral part",MBA:714,MBA
ORBl1,#248A5E,259,MBA:448,"Orbital area, lateral part, layer 1",MBA:723,MBA
ORBl2/3,#248A5E,260,MBA:412,"Orbital area, lateral part, layer 2/3",MBA:723,MBA
ORBl5,#248A5E,261,MBA:630,"Orbital area, lateral part, layer 5",MBA:723,MBA
ORBl6a,#248A5E,262,MBA:440,"Orbital area, lateral part, layer 6a",MBA:723,MBA
ORBl6b,#248A5E,263,MBA:488,"Orbital area, lateral part, layer 6b",MBA:723,MBA
ORBm,#248A5E,264,MBA:731,"Orbital area, medial part",MBA:714,MBA
ORBm1,#248A5E,265,MBA:484,"Orbital area, medial part, layer 1",MBA:731,MBA
ORBm2,#248A5E,266,MBA:524,"Orbital area, medial part, layer 2",MBA:731,MBA
ORBm2/3,#248A5E,267,MBA:582,"Orbital area, medial part, layer 2/3",MBA:731,MBA
ORBm5,#248A5E,268,MBA:620,"Orbital area, medial part, layer 5",MBA:731,MBA
ORBm6a,#248A5E,269,MBA:910,"Orbital area, medial part, layer 6a",MBA:731,MBA
ORBm6b,#248A5E,270,MBA:527696977,"Orbital area, medial part, layer 6b",MBA:731,MBA
ORBv,#248A5E,271,MBA:738,"Orbital area, ventral part",MBA:714,MBA
ORBvl,#248A5E,272,MBA:746,"Orbital area, ventrolateral part",MBA:714,MBA
ORBvl1,#248A5E,273,MBA:969,"Orbital area, ventrolateral part, layer 1",MBA:746,MBA
ORBvl2/3,#248A5E,274,MBA:288,"Orbital area, ventrolateral part, layer 2/3",MBA:746,MBA
ORBvl5,#248A5E,275,MBA:1125,"Orbital area, ventrolateral part, layer 5",MBA:746,MBA
ORBvl6a,#248A5E,276,MBA:608,"Orbital area, ventrolateral part, layer 6a",MBA:746,MBA
ORBvl6b,#248A5E,277,MBA:680,"Orbital area, ventrolateral part, layer 6b",MBA:746,MBA
AI,#219866,278,MBA:95,Agranular insular area,MBA:315,MBA
AId,#219866,279,MBA:104,"Agranular insular area, dorsal part",MBA:95,MBA
AId1,#219866,280,MBA:996,"Agranular insular area, dorsal part, layer 1",MBA:104,MBA
AId2/3,#219866,281,MBA:328,"Agranular insular area, dorsal part, layer 2/3",MBA:104,MBA
AId5,#219866,282,MBA:1101,"Agranular insular area, dorsal part, layer 5",MBA:104,MBA
AId6a,#219866,283,MBA:783,"Agranular insular area, dorsal part, layer 6a",MBA:104,MBA
AId6b,#219866,284,MBA:831,"Agranular insular area, dorsal part, layer 6b",MBA:104,MBA
AIp,#219866,285,MBA:111,"Agranular insular area, posterior part",MBA:95,MBA
AIp1,#219866,286,MBA:120,"Agranular insular area, posterior part, layer 1",MBA:111,MBA
AIp2/3,#219866,287,MBA:163,"Agranular insular area, posterior part, layer 2/3",MBA:111,MBA
AIp5,#219866,288,MBA:344,"Agranular insular area, posterior part, layer 5",MBA:111,MBA
AIp6a,#219866,289,MBA:314,"Agranular insular area, posterior part, layer 6a",MBA:111,MBA
AIp6b,#219866,290,MBA:355,"Agranular insular area, posterior part, layer 6b",MBA:111,MBA
AIv,#219866,291,MBA:119,"Agranular insular area, ventral part",MBA:95,MBA
AIv1,#219866,292,MBA:704,"Agranular insular area, ventral part, layer 1",MBA:119,MBA
AIv2/3,#219866,293,MBA:694,"Agranular insular area, ventral part, layer 2/3",MBA:119,MBA
AIv5,#219866,294,MBA:800,"Agranular insular area, ventral part, layer 5",MBA:119,MBA
AIv6a,#219866,295,MBA:675,"Agranular insular area, ventral part, layer 6a",MBA:119,MBA
AIv6b,#219866,296,MBA:699,"Agranular insular area, ventral part, layer 6b",MBA:119,MBA
RSP,#1AA698,297,MBA:254,Retrosplenial area,MBA:315,MBA
RSPagl,#1AA698,298,MBA:894,"Retrosplenial area, lateral agranular part",MBA:254,MBA
RSPagl1,#1AA698,299,MBA:671,"Retrosplenial area, lateral agranular part, layer 1",MBA:894,MBA
RSPagl2/3,#1AA698,300,MBA:965,"Retrosplenial area, lateral agranular part, layer 2/3",MBA:894,MBA
RSPagl5,#1AA698,301,MBA:774,"Retrosplenial area, lateral agranular part, layer 5",MBA:894,MBA
RSPagl6a,#1AA698,302,MBA:906,"Retrosplenial area, lateral agranular part, layer 6a",MBA:894,MBA
RSPagl6b,#1AA698,303,MBA:279,"Retrosplenial area, lateral agranular part, layer 6b",MBA:894,MBA
VISmma,#1AA698,304,MBA:480149258,Mediomedial anterior visual area,MBA:894,MBA
VISmma1,#1AA698,305,MBA:480149262,"Mediomedial anterior visual area, layer 1",MBA:480149258,MBA
VISmma2/3,#1AA698,306,MBA:480149266,"Mediomedial anterior visual area, layer 2/3",MBA:480149258,MBA
VISmma4,#1AA698,307,MBA:480149270,"Mediomedial anterior visual area, layer 4",MBA:480149258,MBA
VISmma5,#1AA698,308,MBA:480149274,"Mediomedial anterior visual area,layer 5",MBA:480149258,MBA
VISmma6a,#1AA698,309,MBA:480149278,"Mediomedial anterior visual area, layer 6a",MBA:480149258,MBA
VISmma6b,#1AA698,310,MBA:480149282,"Mediomedial anterior visual area, layer 6b",MBA:480149258,MBA
VISmmp,#1AA698,311,MBA:480149286,Mediomedial posterior visual area,MBA:894,MBA
VISmmp1,#1AA698,312,MBA:480149290,"Mediomedial posterior visual area, layer 1",MBA:480149286,MBA
VISmmp2/3,#1AA698,313,MBA:480149294,"Mediomedial posterior visual area, layer 2/3",MBA:480149286,MBA
VISmmp4,#1AA698,314,MBA:480149298,"Mediomedial posterior visual area, layer 4",MBA:480149286,MBA
VISmmp5,#1AA698,315,MBA:480149302,"Mediomedial posterior visual area,layer 5",MBA:480149286,MBA
VISmmp6a,#1AA698,316,MBA:480149306,"Mediomedial posterior visual area, layer 6a",MBA:480149286,MBA
VISmmp6b,#1AA698,317,MBA:480149310,"Mediomedial posterior visual area, layer 6b",MBA:480149286,MBA
VISm,#1AA698,318,MBA:480149314,Medial visual area,MBA:894,MBA
VISm1,#1AA698,319,MBA:480149318,"Medial visual area, layer 1",MBA:480149314,MBA
VISm2/3,#1AA698,320,MBA:480149322,"Medial visual area, layer 2/3",MBA:480149314,MBA
VISm4,#1AA698,321,MBA:480149326,"Medial visual area, layer 4",MBA:480149314,MBA
VISm5,#1AA698,322,MBA:480149330,"Medial visual area,layer 5",MBA:480149314,MBA
VISm6a,#1AA698,323,MBA:480149334,"Medial visual area, layer 6a",MBA:480149314,MBA
VISm6b,#1AA698,324,MBA:480149338,"Medial visual area, layer 6b",MBA:480149314,MBA
RSPd,#1AA698,325,MBA:879,"Retrosplenial area, dorsal part",MBA:254,MBA
RSPd1,#1AA698,326,MBA:442,"Retrosplenial area, dorsal part, layer 1",MBA:879,MBA
RSPd2/3,#1AA698,327,MBA:434,"Retrosplenial area, dorsal part, layer 2/3",MBA:879,MBA
RSPd4,#1AA698,328,MBA:545,"Retrosplenial area, dorsal part, layer 4",MBA:879,MBA
RSPd5,#1AA698,329,MBA:610,"Retrosplenial area, dorsal part, layer 5",MBA:879,MBA
RSPd6a,#1AA698,330,MBA:274,"Retrosplenial area, dorsal part, layer 6a",MBA:879,MBA
RSPd6b,#1AA698,331,MBA:330,"Retrosplenial area, dorsal part, layer 6b",MBA:879,MBA
RSPv,#1AA698,332,MBA:886,"Retrosplenial area, ventral part",MBA:254,MBA
RSPv1,#1AA698,333,MBA:542,"Retrosplenial area, ventral part, layer 1",MBA:886,MBA
RSPv2,#1AA698,334,MBA:606,"Retrosplenial area, ventral part, layer 2",MBA:886,MBA
RSPv2/3,#1AA698,335,MBA:430,"Retrosplenial area, ventral part, layer 2/3",MBA:886,MBA
RSPv5,#1AA698,336,MBA:687,"Retrosplenial area, ventral part, layer 5",MBA:886,MBA
RSPv6a,#1AA698,337,MBA:590,"Retrosplenial area, ventral part, layer 6a",MBA:886,MBA
RSPv6b,#1AA698,338,MBA:622,"Retrosplenial area, ventral part, layer 6b",MBA:886,MBA
PTLp,#009FAC,339,MBA:22,Posterior parietal association areas,MBA:315,MBA
PTLp1,#009FAC,340,MBA:532,"Posterior parietal association areas, layer 1",MBA:22,MBA
PTLp2/3,#009FAC,341,MBA:241,"Posterior parietal association areas, layer 2/3",MBA:22,MBA
PTLp4,#009FAC,342,MBA:635,"Posterior parietal association areas, layer 4",MBA:22,MBA
PTLp5,#009FAC,343,MBA:683,"Posterior parietal association areas, layer 5",MBA:22,MBA
PTLp6a,#009FAC,344,MBA:308,"Posterior parietal association areas, layer 6a",MBA:22,MBA
PTLp6b,#009FAC,345,MBA:340,"Posterior parietal association areas, layer 6b",MBA:22,MBA
VISa,#009FAC,346,MBA:312782546,Anterior area,MBA:22,MBA
VISa1,#009FAC,347,MBA:312782550,"Anterior area, layer 1",MBA:312782546,MBA
VISa2/3,#009FAC,348,MBA:312782554,"Anterior area, layer 2/3",MBA:312782546,MBA
VISa4,#009FAC,349,MBA:312782558,"Anterior area, layer 4",MBA:312782546,MBA
VISa5,#009FAC,350,MBA:312782562,"Anterior area, layer 5",MBA:312782546,MBA
VISa6a,#009FAC,351,MBA:312782566,"Anterior area, layer 6a",MBA:312782546,MBA
VISa6b,#009FAC,352,MBA:312782570,"Anterior area, layer 6b",MBA:312782546,MBA
VISrl,#009FAC,353,MBA:417,Rostrolateral visual area,MBA:22,MBA
VISrl1,#009FAC,354,MBA:312782604,"Rostrolateral area, layer 1",MBA:417,MBA
VISrl2/3,#009FAC,355,MBA:312782608,"Rostrolateral area, layer 2/3",MBA:417,MBA
VISrl4,#009FAC,356,MBA:312782612,"Rostrolateral area, layer 4",MBA:417,MBA
VISrl5,#009FAC,357,MBA:312782616,"Rostrolateral area, layer 5",MBA:417,MBA
VISrl6a,#009FAC,358,MBA:312782620,"Rostrolateral area, layer 6a",MBA:417,MBA
VISrl6b,#009FAC,359,MBA:312782624,"Rostrolateral area, layer 6b",MBA:417,MBA
TEa,#15B0B3,360,MBA:541,Temporal association areas,MBA:315,MBA
TEa1,#15B0B3,361,MBA:97,"Temporal association areas, layer 1",MBA:541,MBA
TEa2/3,#15B0B3,362,MBA:1127,"Temporal association areas, layer 2/3",MBA:541,MBA
TEa4,#15B0B3,363,MBA:234,"Temporal association areas, layer 4",MBA:541,MBA
TEa5,#15B0B3,364,MBA:289,"Temporal association areas, layer 5",MBA:541,MBA
TEa6a,#15B0B3,365,MBA:729,"Temporal association areas, layer 6a",MBA:541,MBA
TEa6b,#15B0B3,366,MBA:786,"Temporal association areas, layer 6b",MBA:541,MBA
PERI,#0E9684,367,MBA:922,Perirhinal area,MBA:315,MBA
PERI1,#0E9684,368,MBA:540,"Perirhinal area, layer 1",MBA:922,MBA
PERI2/3,#0E9684,369,MBA:888,"Perirhinal area, layer 2/3",MBA:922,MBA
PERI5,#0E9684,370,MBA:692,"Perirhinal area, layer 5",MBA:922,MBA
PERI6a,#0E9684,371,MBA:335,"Perirhinal area, layer 6a",MBA:922,MBA
PERI6b,#0E9684,372,MBA:368,"Perirhinal area, layer 6b",MBA:922,MBA
ECT,#0D9F91,373,MBA:895,Ectorhinal area,MBA:315,MBA
ECT1,#0D9F91,374,MBA:836,Ectorhinal area/Layer 1,MBA:895,MBA
ECT2/3,#0D9F91,375,MBA:427,Ectorhinal area/Layer 2/3,MBA:895,MBA
ECT5,#0D9F91,376,MBA:988,Ectorhinal area/Layer 5,MBA:895,MBA
ECT6a,#0D9F91,377,MBA:977,Ectorhinal area/Layer 6a,MBA:895,MBA
ECT6b,#0D9F91,378,MBA:1045,Ectorhinal area/Layer 6b,MBA:895,MBA
OLF,#9AD2BD,379,MBA:698,Olfactory areas,MBA:695,MBA
MOB,#9AD2BD,380,MBA:507,Main olfactory bulb,MBA:698,MBA
MOBgl,#82C7AE,381,MBA:212,"Main olfactory bulb, glomerular layer",MBA:507,MBA
MOBgr,#82C7AE,382,MBA:220,"Main olfactory bulb, granule layer",MBA:507,MBA
MOBipl,#9AD2BD,383,MBA:228,"Main olfactory bulb, inner plexiform layer",MBA:507,MBA
MOBmi,#82C7AE,384,MBA:236,"Main olfactory bulb, mitral layer",MBA:507,MBA
MOBopl,#9AD2BD,385,MBA:244,"Main olfactory bulb, outer plexiform layer",MBA:507,MBA
AOB,#9DF0D2,386,MBA:151,Accessory olfactory bulb,MBA:698,MBA
AOBgl,#9DF0D2,387,MBA:188,"Accessory olfactory bulb, glomerular layer",MBA:151,MBA
AOBgr,#95E4C8,388,MBA:196,"Accessory olfactory bulb, granular layer",MBA:151,MBA
AOBmi,#9DF0D2,389,MBA:204,"Accessory olfactory bulb, mitral layer",MBA:151,MBA
AON,#54BF94,390,MBA:159,Anterior olfactory nucleus,MBA:698,MBA
AONd,#54BF94,391,MBA:167,"Anterior olfactory nucleus, dorsal part",MBA:159,MBA
AONe,#54BF94,392,MBA:175,"Anterior olfactory nucleus, external part",MBA:159,MBA
AONl,#54BF94,393,MBA:183,"Anterior olfactory nucleus, lateral part",MBA:159,MBA
AONm,#54BF94,394,MBA:191,"Anterior olfactory nucleus, medial part",MBA:159,MBA
AONpv,#54BF94,395,MBA:199,"Anterior olfactory nucleus, posteroventral part",MBA:159,MBA
AON1,#54BF94,396,MBA:160,"Anterior olfactory nucleus, layer 1",MBA:159,MBA
AON2,#54BF94,397,MBA:168,"Anterior olfactory nucleus, layer 2",MBA:159,MBA
TT,#62D09F,398,MBA:589,Taenia tecta,MBA:698,MBA
TTd,#62D09F,399,MBA:597,"Taenia tecta, dorsal part",MBA:589,MBA
TTd1-4,#62D09F,400,MBA:297,"Taenia tecta, dorsal part, layers 1-4",MBA:597,MBA
TTd1,#62D09F,401,MBA:1034,"Taenia tecta, dorsal part, layer 1",MBA:597,MBA
TTd2,#62D09F,402,MBA:1042,"Taenia tecta, dorsal part, layer 2",MBA:597,MBA
TTd3,#62D09F,403,MBA:1050,"Taenia tecta, dorsal part, layer 3",MBA:597,MBA
TTd4,#62D09F,404,MBA:1059,"Taenia tecta, dorsal part, layer 4",MBA:597,MBA
TTv,#62D09F,405,MBA:605,"Taenia tecta, ventral part",MBA:589,MBA
TTv1-3,#62D09F,406,MBA:306,"Taenia tecta, ventral part, layers 1-3",MBA:605,MBA
TTv1,#62D09F,407,MBA:1067,"Taenia tecta, ventral part, layer 1",MBA:605,MBA
TTv2,#62D09F,408,MBA:1075,"Taenia tecta, ventral part, layer 2",MBA:605,MBA
TTv3,#62D09F,409,MBA:1082,"Taenia tecta, ventral part, layer 3",MBA:605,MBA
DP,#A4DAA4,410,MBA:814,Dorsal peduncular area,MBA:698,MBA
DP1,#A4DAA4,411,MBA:496,"Dorsal peduncular area, layer 1",MBA:814,MBA
DP2,#A4DAA4,412,MBA:535,"Dorsal peduncular area, layer 2",MBA:814,MBA
DP2/3,#A4DAA4,413,MBA:360,"Dorsal peduncular area, layer 2/3",MBA:814,MBA
DP5,#A4DAA4,414,MBA:646,"Dorsal peduncular area, layer 5",MBA:814,MBA
DP6a,#A4DAA4,415,MBA:267,"Dorsal peduncular area, layer 6a",MBA:814,MBA
PIR,#6ACBBA,416,MBA:961,Piriform area,MBA:698,MBA
PIR1-3,#6ACBBA,417,MBA:152,"Piriform area, layers 1-3",MBA:961,MBA
PIR1,#6ACBBA,418,MBA:276,"Piriform area, molecular layer",MBA:961,MBA
PIR2,#6ACBBA,419,MBA:284,"Piriform area, pyramidal layer",MBA:961,MBA
PIR3,#6ACBBA,420,MBA:291,"Piriform area, polymorph layer",MBA:961,MBA
NLOT,#95E4C8,421,MBA:619,Nucleus of the lateral olfactory tract,MBA:698,MBA
NLOT1-3,#95E4C8,422,MBA:392,"Nucleus of the lateral olfactory tract, layers 1-3",MBA:619,MBA
NLOT1,#95E4C8,423,MBA:260,"Nucleus of the lateral olfactory tract, molecular layer",MBA:619,MBA
NLOT2,#95E4C8,424,MBA:268,"Nucleus of the lateral olfactory tract, pyramidal layer",MBA:619,MBA
NLOT3,#95E4C8,425,MBA:1139,"Nucleus of the lateral olfactory tract, layer 3",MBA:619,MBA
COA,#61E7B7,426,MBA:631,Cortical amygdalar area,MBA:698,MBA
COAa,#61E7B7,427,MBA:639,"Cortical amygdalar area, anterior part",MBA:631,MBA
COAa1,#61E7B7,428,MBA:192,"Cortical amygdalar area, anterior part, layer 1",MBA:639,MBA
COAa2,#61E7B7,429,MBA:200,"Cortical amygdalar area, anterior part, layer 2",MBA:639,MBA
COAa3,#61E7B7,430,MBA:208,"Cortical amygdalar area, anterior part, layer 3",MBA:639,MBA
COAp,#61E7B7,431,MBA:647,"Cortical amygdalar area, posterior part",MBA:631,MBA
COApl,#61E7B7,432,MBA:655,"Cortical amygdalar area, posterior part, lateral zone",MBA:647,MBA
COApl1-2,#61E7B7,433,MBA:584,"Cortical amygdalar area, posterior part, lateral zone, layers 1-2",MBA:655,MBA
COApl1-3,#61E7B7,434,MBA:376,"Cortical amygdalar area, posterior part, lateral zone, layers 1-3",MBA:655,MBA
COApl1,#61E7B7,435,MBA:216,"Cortical amygdalar area, posterior part, lateral zone, layer 1",MBA:655,MBA
COApl2,#61E7B7,436,MBA:224,"Cortical amygdalar area, posterior part, lateral zone, layer 2",MBA:655,MBA
COApl3,#61E7B7,437,MBA:232,"Cortical amygdalar area, posterior part, lateral zone, layer 3",MBA:655,MBA
COApm,#61E7B7,438,MBA:663,"Cortical amygdalar area, posterior part, medial zone",MBA:647,MBA
COApm1-2,#61E7B7,439,MBA:592,"Cortical amygdalar area, posterior part, medial zone, layers 1-2",MBA:663,MBA
COApm1-3,#61E7B7,440,MBA:383,"Cortical amygdalar area, posterior part, medial zone, layers 1-3",MBA:663,MBA
COApm1,#61E7B7,441,MBA:240,"Cortical amygdalar area, posterior part, medial zone, layer 1",MBA:663,MBA
COApm2,#61E7B7,442,MBA:248,"Cortical amygdalar area, posterior part, medial zone, layer 2",MBA:663,MBA
COApm3,#61E7B7,443,MBA:256,"Cortical amygdalar area, posterior part, medial zone, layer 3",MBA:663,MBA
PAA,#59DAAB,444,MBA:788,Piriform-amygdalar area,MBA:698,MBA
PAA1-3,#59DAAB,445,MBA:400,"Piriform-amygdalar area, layers 1-3",MBA:788,MBA
PAA1,#59DAAB,446,MBA:408,"Piriform-amygdalar area, molecular layer",MBA:788,MBA
PAA2,#59DAAB,447,MBA:416,"Piriform-amygdalar area, pyramidal layer",MBA:788,MBA
PAA3,#59DAAB,448,MBA:424,"Piriform-amygdalar area, polymorph layer",MBA:788,MBA
TR,#A8ECD3,449,MBA:566,Postpiriform transition area,MBA:698,MBA
TR1-3,#A8ECD3,450,MBA:517,"Postpiriform transition area, layers 1-3",MBA:566,MBA
TR1,#A8ECD3,451,MBA:1140,"Postpiriform transition area, layers 1",MBA:566,MBA
TR2,#A8ECD3,452,MBA:1141,"Postpiriform transition area, layers 2",MBA:566,MBA
TR3,#A8ECD3,453,MBA:1142,"Postpiriform transition area, layers 3",MBA:566,MBA
HPF,#7ED04B,454,MBA:1089,Hippocampal formation,MBA:695,MBA
HIP,#7ED04B,455,MBA:1080,Hippocampal region,MBA:1089,MBA
CA,#7ED04B,456,MBA:375,Ammon's horn,MBA:1080,MBA
CA1,#7ED04B,457,MBA:382,Field CA1,MBA:375,MBA
CA1slm,#7ED04B,458,MBA:391,"Field CA1, stratum lacunosum-moleculare",MBA:382,MBA
CA1so,#7ED04B,459,MBA:399,"Field CA1, stratum oriens",MBA:382,MBA
CA1sp,#66A83D,460,MBA:407,"Field CA1, pyramidal layer",MBA:382,MBA
CA1sr,#7ED04B,461,MBA:415,"Field CA1, stratum radiatum",MBA:382,MBA
CA2,#7ED04B,462,MBA:423,Field CA2,MBA:375,MBA
CA2slm,#7ED04B,463,MBA:431,"Field CA2, stratum lacunosum-moleculare",MBA:423,MBA
CA2so,#7ED04B,464,MBA:438,"Field CA2, stratum oriens",MBA:423,MBA
CA2sp,#66A83D,465,MBA:446,"Field CA2, pyramidal layer",MBA:423,MBA
CA2sr,#7ED04B,466,MBA:454,"Field CA2, stratum radiatum",MBA:423,MBA
CA3,#7ED04B,467,MBA:463,Field CA3,MBA:375,MBA
CA3slm,#7ED04B,468,MBA:471,"Field CA3, stratum lacunosum-moleculare",MBA:463,MBA
CA3slu,#7ED04B,469,MBA:479,"Field CA3, stratum lucidum",MBA:463,MBA
CA3so,#7ED04B,470,MBA:486,"Field CA3, stratum oriens",MBA:463,MBA
CA3sp,#66A83D,471,MBA:495,"Field CA3, pyramidal layer",MBA:463,MBA
CA3sr,#7ED04B,472,MBA:504,"Field CA3, stratum radiatum",MBA:463,MBA
DG,#7ED04B,473,MBA:726,Dentate gyrus,MBA:1080,MBA
DG-mo,#7ED04B,474,MBA:10703,"Dentate gyrus, molecular layer",MBA:726,MBA
DG-po,#7ED04B,475,MBA:10704,"Dentate gyrus, polymorph layer",MBA:726,MBA
DG-sg,#66A83D,476,MBA:632,"Dentate gyrus, granule cell layer",MBA:726,MBA
DG-sgz,#7ED04B,477,MBA:10702,"Dentate gyrus, subgranular zone",MBA:726,MBA
DGcr,#7ED04B,478,MBA:734,Dentate gyrus crest,MBA:726,MBA
DGcr-mo,#7ED04B,479,MBA:742,"Dentate gyrus crest, molecular layer",MBA:734,MBA
DGcr-po,#7ED04B,480,MBA:751,"Dentate gyrus crest, polymorph layer",MBA:734,MBA
DGcr-sg,#7ED04B,481,MBA:758,"Dentate gyrus crest, granule cell layer",MBA:734,MBA
DGlb,#7ED04B,482,MBA:766,Dentate gyrus lateral blade,MBA:726,MBA
DGlb-mo,#7ED04B,483,MBA:775,"Dentate gyrus lateral blade, molecular layer",MBA:766,MBA
DGlb-po,#7ED04B,484,MBA:782,"Dentate gyrus lateral blade, polymorph layer",MBA:766,MBA
DGlb-sg,#7ED04B,485,MBA:790,"Dentate gyrus lateral blade, granule cell layer",MBA:766,MBA
DGmb,#7ED04B,486,MBA:799,Dentate gyrus medial blade,MBA:726,MBA
DGmb-mo,#7ED04B,487,MBA:807,"Dentate gyrus medial blade, molecular layer",MBA:799,MBA
DGmb-po,#7ED04B,488,MBA:815,"Dentate gyrus medial blade, polymorph layer",MBA:799,MBA
DGmb-sg,#7ED04B,489,MBA:823,"Dentate gyrus medial blade, granule cell layer",MBA:799,MBA
FC,#7ED04B,490,MBA:982,Fasciola cinerea,MBA:1080,MBA
IG,#7ED04B,491,MBA:19,Induseum griseum,MBA:1080,MBA
RHP,#32B825,492,MBA:822,Retrohippocampal region,MBA:1089,MBA
ENT,#32B825,493,MBA:909,Entorhinal area,MBA:822,MBA
ENTl,#32B825,494,MBA:918,"Entorhinal area, lateral part",MBA:909,MBA
ENTl1,#32B825,495,MBA:1121,"Entorhinal area, lateral part, layer 1",MBA:918,MBA
ENTl2,#32B825,496,MBA:20,"Entorhinal area, lateral part, layer 2",MBA:918,MBA
ENTl2/3,#32B825,497,MBA:999,"Entorhinal area, lateral part, layer 2/3",MBA:918,MBA
ENTl2a,#32B825,498,MBA:715,"Entorhinal area, lateral part, layer 2a",MBA:918,MBA
ENTl2b,#32B825,499,MBA:764,"Entorhinal area, lateral part, layer 2b",MBA:918,MBA
ENTl3,#32B825,500,MBA:52,"Entorhinal area, lateral part, layer 3",MBA:918,MBA
ENTl4,#32B825,501,MBA:92,"Entorhinal area, lateral part, layer 4",MBA:918,MBA
ENTl4/5,#32B825,502,MBA:312,"Entorhinal area, lateral part, layer 4/5",MBA:918,MBA
ENTl5,#32B825,503,MBA:139,"Entorhinal area, lateral part, layer 5",MBA:918,MBA
ENTl5/6,#32B825,504,MBA:387,"Entorhinal area, lateral part, layer 5/6",MBA:918,MBA
ENTl6a,#32B825,505,MBA:28,"Entorhinal area, lateral part, layer 6a",MBA:918,MBA
ENTl6b,#32B825,506,MBA:60,"Entorhinal area, lateral part, layer 6b",MBA:918,MBA
ENTm,#32B825,507,MBA:926,"Entorhinal area, medial part, dorsal zone",MBA:909,MBA
ENTm1,#32B825,508,MBA:526,"Entorhinal area, medial part, dorsal zone, layer 1",MBA:926,MBA
ENTm2,#32B825,509,MBA:543,"Entorhinal area, medial part, dorsal zone, layer 2",MBA:926,MBA
ENTm2a,#32B825,510,MBA:468,"Entorhinal area, medial part, dorsal zone, layer 2a",MBA:926,MBA
ENTm2b,#32B825,511,MBA:508,"Entorhinal area, medial part, dorsal zone, layer 2b",MBA:926,MBA
ENTm3,#32B825,512,MBA:664,"Entorhinal area, medial part, dorsal zone, layer 3",MBA:926,MBA
ENTm4,#32B825,513,MBA:712,"Entorhinal area, medial part, dorsal zone, layer 4",MBA:926,MBA
ENTm5,#32B825,514,MBA:727,"Entorhinal area, medial part, dorsal zone, layer 5",MBA:926,MBA
ENTm5/6,#32B825,515,MBA:550,"Entorhinal area, medial part, dorsal zone, layer 5/6",MBA:926,MBA
ENTm6,#32B825,516,MBA:743,"Entorhinal area, medial part, dorsal zone, layer 6",MBA:926,MBA
ENTmv,#32B825,517,MBA:934,"Entorhinal area, medial part, ventral zone",MBA:909,MBA
ENTmv1,#32B825,518,MBA:259,"Entorhinal area, medial part, ventral zone, layer 1",MBA:934,MBA
ENTmv2,#32B825,519,MBA:324,"Entorhinal area, medial part, ventral zone, layer 2",MBA:934,MBA
ENTmv3,#32B825,520,MBA:371,"Entorhinal area, medial part, ventral zone, layer 3",MBA:934,MBA
ENTmv4,#32B825,521,MBA:419,"Entorhinal area, medial part, ventral zone, layer 4",MBA:934,MBA
ENTmv5/6,#32B825,522,MBA:1133,"Entorhinal area, medial part, ventral zone, layer 5/6",MBA:934,MBA
PAR,#72D569,523,MBA:843,Parasubiculum,MBA:822,MBA
PAR1,#72D569,524,MBA:10693,"Parasubiculum, layer 1",MBA:843,MBA
PAR2,#72D569,525,MBA:10694,"Parasubiculum, layer 2",MBA:843,MBA
PAR3,#72D569,526,MBA:10695,"Parasubiculum, layer 3",MBA:843,MBA
POST,#48C83C,527,MBA:1037,Postsubiculum,MBA:822,MBA
POST1,#48C83C,528,MBA:10696,"Postsubiculum, layer 1",MBA:1037,MBA
POST2,#48C83C,529,MBA:10697,"Postsubiculum, layer 2",MBA:1037,MBA
POST3,#48C83C,530,MBA:10698,"Postsubiculum, layer 3",MBA:1037,MBA
PRE,#59B947,531,MBA:1084,Presubiculum,MBA:822,MBA
PRE1,#59B947,532,MBA:10699,"Presubiculum, layer 1",MBA:1084,MBA
PRE2,#59B947,533,MBA:10700,"Presubiculum, layer 2",MBA:1084,MBA
PRE3,#59B947,534,MBA:10701,"Presubiculum, layer 3",MBA:1084,MBA
SUB,#4FC244,535,MBA:502,Subiculum,MBA:822,MBA
SUBd,#4FC244,536,MBA:509,"Subiculum, dorsal part",MBA:502,MBA
SUBd-m,#4FC244,537,MBA:829,"Subiculum, dorsal part, molecular layer",MBA:509,MBA
SUBd-sp,#4BB547,538,MBA:845,"Subiculum, dorsal part, pyramidal layer",MBA:509,MBA
SUBd-sr,#4FC244,539,MBA:837,"Subiculum, dorsal part, stratum radiatum",MBA:509,MBA
SUBv,#4FC244,540,MBA:518,"Subiculum, ventral part",MBA:502,MBA
SUBv-m,#4FC244,541,MBA:853,"Subiculum, ventral part, molecular layer",MBA:518,MBA
SUBv-sp,#4BB547,542,MBA:870,"Subiculum, ventral part, pyramidal layer",MBA:518,MBA
SUBv-sr,#4FC244,543,MBA:861,"Subiculum, ventral part, stratum radiatum",MBA:518,MBA
ProS,#58BA48,544,MBA:484682470,Prosubiculum,MBA:822,MBA
ProSd,#58BA48,545,MBA:484682475,"Prosubiculum, dorsal part",MBA:484682470,MBA
ProSd-m,#58BA48,546,MBA:484682479,"Prosubiculum, dorsal part, molecular layer",MBA:484682475,MBA
ProSd-sp,#56B84B,547,MBA:484682483,"Prosubiculum, dorsal part, pyramidal layer",MBA:484682475,MBA
ProSd-sr,#58BA48,548,MBA:484682487,"Prosubiculum, dorsal part, stratum radiatum",MBA:484682475,MBA
ProSv,#58BA48,549,MBA:484682492,"Prosubiculum, ventral part",MBA:484682470,MBA
ProSv-m,#58BA48,550,MBA:484682496,"Prosubiculum, ventral part, molecular layer",MBA:484682492,MBA
ProSv-sp,#56B84B,551,MBA:484682500,"Prosubiculum, ventral part, pyramidal layer",MBA:484682492,MBA
Prosv-sr,#58BA48,552,MBA:484682504,"Prosubiculum, ventral part, stratum radiatum",MBA:484682492,MBA
HATA,#33B932,553,MBA:589508447,Hippocampo-amygdalar transition area,MBA:822,MBA
APr,#33B932,554,MBA:484682508,Area prostriata,MBA:822,MBA
CTXsp,#8ADA87,555,MBA:703,Cortical subplate,MBA:688,MBA
6b,#8ADA87,556,MBA:16,"Layer 6b, isocortex",MBA:703,MBA
CLA,#8ADA87,557,MBA:583,Claustrum,MBA:703,MBA
EP,#A0EE9D,558,MBA:942,Endopiriform nucleus,MBA:703,MBA
EPd,#A0EE9D,559,MBA:952,"Endopiriform nucleus, dorsal part",MBA:942,MBA
EPv,#A0EE9D,560,MBA:966,"Endopiriform nucleus, ventral part",MBA:942,MBA
LA,#90EB8D,561,MBA:131,Lateral amygdalar nucleus,MBA:703,MBA
BLA,#9DE79C,562,MBA:295,Basolateral amygdalar nucleus,MBA:703,MBA
BLAa,#9DE79C,563,MBA:303,"Basolateral amygdalar nucleus, anterior part",MBA:295,MBA
BLAp,#9DE79C,564,MBA:311,"Basolateral amygdalar nucleus, posterior part",MBA:295,MBA
BLAv,#9DE79C,565,MBA:451,"Basolateral amygdalar nucleus, ventral part",MBA:295,MBA
BMA,#84EA81,566,MBA:319,Basomedial amygdalar nucleus,MBA:703,MBA
BMAa,#84EA81,567,MBA:327,"Basomedial amygdalar nucleus, anterior part",MBA:319,MBA
BMAp,#84EA81,568,MBA:334,"Basomedial amygdalar nucleus, posterior part",MBA:319,MBA
PA,#97EC93,569,MBA:780,Posterior amygdalar nucleus,MBA:703,MBA
CNU,#98D6F9,570,MBA:623,Cerebral nuclei,MBA:567,MBA
STR,#98D6F9,571,MBA:477,Striatum,MBA:623,MBA
STRd,#98D6F9,572,MBA:485,Striatum dorsal region,MBA:477,MBA
CP,#98D6F9,573,MBA:672,Caudoputamen,MBA:485,MBA
STRv,#80CDF8,574,MBA:493,Striatum ventral region,MBA:477,MBA
ACB,#80CDF8,575,MBA:56,Nucleus accumbens,MBA:493,MBA
FS,#80CDF8,576,MBA:998,Fundus of striatum,MBA:493,MBA
OT,#80CDF8,577,MBA:754,Olfactory tubercle,MBA:493,MBA
isl,#80CDF8,578,MBA:481,Islands of Calleja,MBA:754,MBA
islm,#80CDF8,579,MBA:489,Major island of Calleja,MBA:754,MBA
OT1-3,#80CDF8,580,MBA:144,"Olfactory tubercle, layers 1-3",MBA:754,MBA
OT1,#80CDF8,581,MBA:458,"Olfactory tubercle, molecular layer",MBA:754,MBA
OT2,#80CDF8,582,MBA:465,"Olfactory tubercle, pyramidal layer",MBA:754,MBA
OT3,#80CDF8,583,MBA:473,"Olfactory tubercle, polymorph layer",MBA:754,MBA
LSS,#80CDF8,584,MBA:549009199,Lateral strip of striatum,MBA:493,MBA
LSX,#90CBED,585,MBA:275,Lateral septal complex,MBA:477,MBA
LS,#90CBED,586,MBA:242,Lateral septal nucleus,MBA:275,MBA
LSc,#90CBED,587,MBA:250,"Lateral septal nucleus, caudal (caudodorsal) part",MBA:242,MBA
LSr,#90CBED,588,MBA:258,"Lateral septal nucleus, rostral (rostroventral) part",MBA:242,MBA
LSv,#90CBED,589,MBA:266,"Lateral septal nucleus, ventral part",MBA:242,MBA
SF,#90CBED,590,MBA:310,Septofimbrial nucleus,MBA:275,MBA
SH,#90CBED,591,MBA:333,Septohippocampal nucleus,MBA:275,MBA
sAMY,#80C0E2,592,MBA:278,Striatum-like amygdalar nuclei,MBA:477,MBA
AAA,#80C0E2,593,MBA:23,Anterior amygdalar area,MBA:278,MBA
BA,#80C0E2,594,MBA:292,Bed nucleus of the accessory olfactory tract,MBA:278,MBA
CEA,#80C0E2,595,MBA:536,Central amygdalar nucleus,MBA:278,MBA
CEAc,#80C0E2,596,MBA:544,"Central amygdalar nucleus, capsular part",MBA:536,MBA
CEAl,#80C0E2,597,MBA:551,"Central amygdalar nucleus, lateral part",MBA:536,MBA
CEAm,#80C0E2,598,MBA:559,"Central amygdalar nucleus, medial part",MBA:536,MBA
IA,#80C0E2,599,MBA:1105,Intercalated amygdalar nucleus,MBA:278,MBA
MEA,#80C0E2,600,MBA:403,Medial amygdalar nucleus,MBA:278,MBA
MEAad,#80C0E2,601,MBA:411,"Medial amygdalar nucleus, anterodorsal part",MBA:403,MBA
MEAav,#80C0E2,602,MBA:418,"Medial amygdalar nucleus, anteroventral part",MBA:403,MBA
MEApd,#80C0E2,603,MBA:426,"Medial amygdalar nucleus, posterodorsal part",MBA:403,MBA
MEApd-a,#80C0E2,604,MBA:472,"Medial amygdalar nucleus, posterodorsal part, sublayer a",MBA:426,MBA
MEApd-b,#80C0E2,605,MBA:480,"Medial amygdalar nucleus, posterodorsal part, sublayer b",MBA:426,MBA
MEApd-c,#80C0E2,606,MBA:487,"Medial amygdalar nucleus, posterodorsal part, sublayer c",MBA:426,MBA
MEApv,#80C0E2,607,MBA:435,"Medial amygdalar nucleus, posteroventral part",MBA:403,MBA
PAL,#8599CC,608,MBA:803,Pallidum,MBA:623,MBA
PALd,#8599CC,609,MBA:818,"Pallidum, dorsal region",MBA:803,MBA
GPe,#8599CC,610,MBA:1022,"Globus pallidus, external segment",MBA:818,MBA
GPi,#8599CC,611,MBA:1031,"Globus pallidus, internal segment",MBA:818,MBA
PALv,#A2B1D8,612,MBA:835,"Pallidum, ventral region",MBA:803,MBA
SI,#A2B1D8,613,MBA:342,Substantia innominata,MBA:835,MBA
MA,#A2B1D8,614,MBA:298,Magnocellular nucleus,MBA:835,MBA
PALm,#96A7D3,615,MBA:826,"Pallidum, medial region",MBA:803,MBA
MSC,#96A7D3,616,MBA:904,Medial septal complex,MBA:826,MBA
MS,#96A7D3,617,MBA:564,Medial septal nucleus,MBA:904,MBA
NDB,#96A7D3,618,MBA:596,Diagonal band nucleus,MBA:904,MBA
TRS,#96A7D3,619,MBA:581,Triangular nucleus of septum,MBA:826,MBA
PALc,#B3C0DF,620,MBA:809,"Pallidum, caudal region",MBA:803,MBA
BST,#B3C0DF,621,MBA:351,Bed nuclei of the stria terminalis,MBA:809,MBA
BSTa,#B3C0DF,622,MBA:359,"Bed nuclei of the stria terminalis, anterior division",MBA:351,MBA
BSTal,#B3C0DF,623,MBA:537,"Bed nuclei of the stria terminalis, anterior division, anterolateral area",MBA:359,MBA
BSTam,#B3C0DF,624,MBA:498,"Bed nuclei of the stria terminalis, anterior division, anteromedial area",MBA:359,MBA
BSTdm,#B3C0DF,625,MBA:505,"Bed nuclei of the stria terminalis, anterior division, dorsomedial nucleus",MBA:359,MBA
BSTfu,#B3C0DF,626,MBA:513,"Bed nuclei of the stria terminalis, anterior division, fusiform nucleus",MBA:359,MBA
BSTju,#B3C0DF,627,MBA:546,"Bed nuclei of the stria terminalis, anterior division, juxtacapsular nucleus",MBA:359,MBA
BSTmg,#B3C0DF,628,MBA:521,"Bed nuclei of the stria terminalis, anterior division, magnocellular nucleus",MBA:359,MBA
BSTov,#B3C0DF,629,MBA:554,"Bed nuclei of the stria terminalis, anterior division, oval nucleus",MBA:359,MBA
BSTrh,#B3C0DF,630,MBA:562,"Bed nuclei of the stria terminalis, anterior division, rhomboid nucleus",MBA:359,MBA
BSTv,#B3C0DF,631,MBA:529,"Bed nuclei of the stria terminalis, anterior division, ventral nucleus",MBA:359,MBA
BSTp,#B3C0DF,632,MBA:367,"Bed nuclei of the stria terminalis, posterior division",MBA:351,MBA
BSTd,#B3C0DF,633,MBA:569,"Bed nuclei of the stria terminalis, posterior division, dorsal nucleus",MBA:367,MBA
BSTpr,#B3C0DF,634,MBA:578,"Bed nuclei of the stria terminalis, posterior division, principal nucleus",MBA:367,MBA
BSTif,#B3C0DF,635,MBA:585,"Bed nuclei of the stria terminalis, posterior division, interfascicular nucleus",MBA:367,MBA
BSTtr,#B3C0DF,636,MBA:594,"Bed nuclei of the stria terminalis, posterior division, transverse nucleus",MBA:367,MBA
BSTse,#B3C0DF,637,MBA:602,"Bed nuclei of the stria terminalis, posterior division, strial extension",MBA:367,MBA
BAC,#B3C0DF,638,MBA:287,Bed nucleus of the anterior commissure,MBA:809,MBA
BS,#FF7080,639,MBA:343,Brain stem,MBA:8,MBA
IB,#FF7080,640,MBA:1129,Interbrain,MBA:343,MBA
TH,#FF7080,641,MBA:549,Thalamus,MBA:1129,MBA
DORsm,#FF8084,642,MBA:864,"Thalamus, sensory-motor cortex related",MBA:549,MBA
VENT,#FF8084,643,MBA:637,Ventral group of the dorsal thalamus,MBA:864,MBA
VAL,#FF8084,644,MBA:629,Ventral anterior-lateral complex of the thalamus,MBA:637,MBA
VM,#FF8084,645,MBA:685,Ventral medial nucleus of the thalamus,MBA:637,MBA
VP,#FF8084,646,MBA:709,Ventral posterior complex of the thalamus,MBA:637,MBA
VPL,#FF8084,647,MBA:718,Ventral posterolateral nucleus of the thalamus,MBA:709,MBA
VPLpc,#FF8084,648,MBA:725,"Ventral posterolateral nucleus of the thalamus, parvicellular part",MBA:709,MBA
VPM,#FF8084,649,MBA:733,Ventral posteromedial nucleus of the thalamus,MBA:709,MBA
VPMpc,#FF8084,650,MBA:741,"Ventral posteromedial nucleus of the thalamus, parvicellular part",MBA:709,MBA
PoT,#FF8084,651,MBA:563807435,Posterior triangular thalamic nucleus,MBA:637,MBA
SPF,#FF8084,652,MBA:406,Subparafascicular nucleus,MBA:864,MBA
SPFm,#FF8084,653,MBA:414,"Subparafascicular nucleus, magnocellular part",MBA:406,MBA
SPFp,#FF8084,654,MBA:422,"Subparafascicular nucleus, parvicellular part",MBA:406,MBA
SPA,#FF8084,655,MBA:609,Subparafascicular area,MBA:864,MBA
PP,#FF8084,656,MBA:1044,Peripeduncular nucleus,MBA:864,MBA
GENd,#FF8084,657,MBA:1008,"Geniculate group, dorsal thalamus",MBA:864,MBA
MG,#FF8084,658,MBA:475,Medial geniculate complex,MBA:1008,MBA
MGd,#FF8084,659,MBA:1072,"Medial geniculate complex, dorsal part",MBA:475,MBA
MGv,#FF8084,660,MBA:1079,"Medial geniculate complex, ventral part",MBA:475,MBA
MGm,#FF8084,661,MBA:1088,"Medial geniculate complex, medial part",MBA:475,MBA
LGd,#FF8084,662,MBA:170,Dorsal part of the lateral geniculate complex,MBA:1008,MBA
LGd-sh,#FF8084,663,MBA:496345664,"Dorsal part of the lateral geniculate complex, shell",MBA:170,MBA
LGd-co,#FF8084,664,MBA:496345668,"Dorsal part of the lateral geniculate complex, core",MBA:170,MBA
LGd-ip,#FF8084,665,MBA:496345672,"Dorsal part of the lateral geniculate complex, ipsilateral zone",MBA:170,MBA
DORpm,#FF909F,666,MBA:856,"Thalamus, polymodal association cortex related",MBA:549,MBA
LAT,#FF909F,667,MBA:138,Lateral group of the dorsal thalamus,MBA:856,MBA
LP,#FF909F,668,MBA:218,Lateral posterior nucleus of the thalamus,MBA:138,MBA
PO,#FF909F,669,MBA:1020,Posterior complex of the thalamus,MBA:138,MBA
POL,#FF909F,670,MBA:1029,Posterior limiting nucleus of the thalamus,MBA:138,MBA
SGN,#FF909F,671,MBA:325,Suprageniculate nucleus,MBA:138,MBA
Eth,#FF909F,672,MBA:560581551,Ethmoid nucleus of the thalamus,MBA:138,MBA
REth,#FF909F,673,MBA:560581555,Retroethmoid nucleus,MBA:138,MBA
ATN,#FF909F,674,MBA:239,Anterior group of the dorsal thalamus,MBA:856,MBA
AV,#FF909F,675,MBA:255,Anteroventral nucleus of thalamus,MBA:239,MBA
AM,#FF909F,676,MBA:127,Anteromedial nucleus,MBA:239,MBA
AMd,#FF909F,677,MBA:1096,"Anteromedial nucleus, dorsal part",MBA:127,MBA
AMv,#FF909F,678,MBA:1104,"Anteromedial nucleus, ventral part",MBA:127,MBA
AD,#FF909F,679,MBA:64,Anterodorsal nucleus,MBA:239,MBA
IAM,#FF909F,680,MBA:1120,Interanteromedial nucleus of the thalamus,MBA:239,MBA
IAD,#FF909F,681,MBA:1113,Interanterodorsal nucleus of the thalamus,MBA:239,MBA
LD,#FF909F,682,MBA:155,Lateral dorsal nucleus of thalamus,MBA:239,MBA
MED,#FF909F,683,MBA:444,Medial group of the dorsal thalamus,MBA:856,MBA
IMD,#FF909F,684,MBA:59,Intermediodorsal nucleus of the thalamus,MBA:444,MBA
MD,#FF909F,685,MBA:362,Mediodorsal nucleus of thalamus,MBA:444,MBA
MDc,#FF909F,686,MBA:617,"Mediodorsal nucleus of the thalamus, central part",MBA:362,MBA
MDl,#FF909F,687,MBA:626,"Mediodorsal nucleus of the thalamus, lateral part",MBA:362,MBA
MDm,#FF909F,688,MBA:636,"Mediodorsal nucleus of the thalamus, medial part",MBA:362,MBA
SMT,#FF909F,689,MBA:366,Submedial nucleus of the thalamus,MBA:444,MBA
PR,#FF909F,690,MBA:1077,Perireunensis nucleus,MBA:444,MBA
MTN,#FF909F,691,MBA:571,Midline group of the dorsal thalamus,MBA:856,MBA
PVT,#FF909F,692,MBA:149,Paraventricular nucleus of the thalamus,MBA:571,MBA
PT,#FF909F,693,MBA:15,Parataenial nucleus,MBA:571,MBA
RE,#FF909F,694,MBA:181,Nucleus of reuniens,MBA:571,MBA
Xi,#FF909F,695,MBA:560581559,Xiphoid thalamic nucleus,MBA:571,MBA
ILM,#FF909F,696,MBA:51,Intralaminar nuclei of the dorsal thalamus,MBA:856,MBA
RH,#FF909F,697,MBA:189,Rhomboid nucleus,MBA:51,MBA
CM,#FF909F,698,MBA:599,Central medial nucleus of the thalamus,MBA:51,MBA
PCN,#FF909F,699,MBA:907,Paracentral nucleus,MBA:51,MBA
CL,#FF909F,700,MBA:575,Central lateral nucleus of the thalamus,MBA:51,MBA
PF,#FF909F,701,MBA:930,Parafascicular nucleus,MBA:51,MBA
PIL,#FF909F,702,MBA:560581563,Posterior intralaminar thalamic nucleus,MBA:51,MBA
RT,#FF909F,703,MBA:262,Reticular nucleus of the thalamus,MBA:856,MBA
GENv,#FF909F,704,MBA:1014,"Geniculate group, ventral thalamus",MBA:856,MBA
IGL,#FF909F,705,MBA:27,Intergeniculate leaflet of the lateral geniculate complex,MBA:1014,MBA
IntG,#FF909F,706,MBA:563807439,Intermediate geniculate nucleus,MBA:1014,MBA
LGv,#FF909F,707,MBA:178,Ventral part of the lateral geniculate complex,MBA:1014,MBA
LGvl,#FF909F,708,MBA:300,"Ventral part of the lateral geniculate complex, lateral zone",MBA:178,MBA
LGvm,#FF909F,709,MBA:316,"Ventral part of the lateral geniculate complex, medial zone",MBA:178,MBA
SubG,#FF909F,710,MBA:321,Subgeniculate nucleus,MBA:1014,MBA
EPI,#FF909F,711,MBA:958,Epithalamus,MBA:856,MBA
MH,#FF909F,712,MBA:483,Medial habenula,MBA:958,MBA
LH,#FF909F,713,MBA:186,Lateral habenula,MBA:958,MBA
PIN,#FF909F,714,MBA:953,Pineal body,MBA:958,MBA
HY,#E64438,715,MBA:1097,Hypothalamus,MBA:1129,MBA
PVZ,#FF5D50,716,MBA:157,Periventricular zone,MBA:1097,MBA
SO,#FF5D50,717,MBA:390,Supraoptic nucleus,MBA:157,MBA
ASO,#FF5D50,718,MBA:332,Accessory supraoptic group,MBA:157,MBA
NC,#FF5D50,719,MBA:432,Nucleus circularis,MBA:332,MBA
PVH,#FF5D50,720,MBA:38,Paraventricular hypothalamic nucleus,MBA:157,MBA
PVHm,#FF5D50,721,MBA:71,"Paraventricular hypothalamic nucleus, magnocellular division",MBA:38,MBA
PVHam,#FF5D50,722,MBA:47,"Paraventricular hypothalamic nucleus, magnocellular division, anterior magnocellular part",MBA:71,MBA
PVHmm,#FF5D50,723,MBA:79,"Paraventricular hypothalamic nucleus, magnocellular division, medial magnocellular part",MBA:71,MBA
PVHpm,#FF5D50,724,MBA:103,"Paraventricular hypothalamic nucleus, magnocellular division, posterior magnocellular part",MBA:71,MBA
PVHpml,#FF5D50,725,MBA:652,"Paraventricular hypothalamic nucleus, magnocellular division, posterior magnocellular part, lateral zone",MBA:103,MBA
PVHpmm,#FF5D50,726,MBA:660,"Paraventricular hypothalamic nucleus, magnocellular division, posterior magnocellular part, medial zone",MBA:103,MBA
PVHp,#FF5D50,727,MBA:94,"Paraventricular hypothalamic nucleus, parvicellular division",MBA:38,MBA
PVHap,#FF5D50,728,MBA:55,"Paraventricular hypothalamic nucleus, parvicellular division, anterior parvicellular part",MBA:94,MBA
PVHmpd,#FF5D50,729,MBA:87,"Paraventricular hypothalamic nucleus, parvicellular division, medial parvicellular part, dorsal zone",MBA:94,MBA
PVHpv,#FF5D50,730,MBA:110,"Paraventricular hypothalamic nucleus, parvicellular division, periventricular part",MBA:94,MBA
PVa,#FF5D50,731,MBA:30,"Periventricular hypothalamic nucleus, anterior part",MBA:157,MBA
PVi,#FF5D50,732,MBA:118,"Periventricular hypothalamic nucleus, intermediate part",MBA:157,MBA
ARH,#FF5D50,733,MBA:223,Arcuate hypothalamic nucleus,MBA:157,MBA
PVR,#FF5547,734,MBA:141,Periventricular region,MBA:1097,MBA
ADP,#FF5547,735,MBA:72,Anterodorsal preoptic nucleus,MBA:141,MBA
AHA,#FF5547,736,MBA:80,Anterior hypothalamic area,MBA:141,MBA
AVP,#FF5547,737,MBA:263,Anteroventral preoptic nucleus,MBA:141,MBA
AVPV,#FF5547,738,MBA:272,Anteroventral periventricular nucleus,MBA:141,MBA
DMH,#FF5547,739,MBA:830,Dorsomedial nucleus of the hypothalamus,MBA:141,MBA
DMHa,#FF5547,740,MBA:668,"Dorsomedial nucleus of the hypothalamus, anterior part",MBA:830,MBA
DMHp,#FF5547,741,MBA:676,"Dorsomedial nucleus of the hypothalamus, posterior part",MBA:830,MBA
DMHv,#FF5547,742,MBA:684,"Dorsomedial nucleus of the hypothalamus, ventral part",MBA:830,MBA
MEPO,#FF5547,743,MBA:452,Median preoptic nucleus,MBA:141,MBA
MPO,#FF5547,744,MBA:523,Medial preoptic area,MBA:141,MBA
OV,#FF5547,745,MBA:763,Vascular organ of the lamina terminalis,MBA:141,MBA
PD,#FF5547,746,MBA:914,Posterodorsal preoptic nucleus,MBA:141,MBA
PS,#FF5547,747,MBA:1109,Parastrial nucleus,MBA:141,MBA
PSCH,#FF5547,748,MBA:1124,Suprachiasmatic preoptic nucleus,MBA:141,MBA
PVp,#FF5547,749,MBA:126,"Periventricular hypothalamic nucleus, posterior part",MBA:141,MBA
PVpo,#FF5547,750,MBA:133,"Periventricular hypothalamic nucleus, preoptic part",MBA:141,MBA
SBPV,#FF5547,751,MBA:347,Subparaventricular zone,MBA:141,MBA
SCH,#FF5547,752,MBA:286,Suprachiasmatic nucleus,MBA:141,MBA
SFO,#FF5547,753,MBA:338,Subfornical organ,MBA:141,MBA
VMPO,#FF5547,754,MBA:576073699,Ventromedial preoptic nucleus,MBA:141,MBA
VLPO,#FF5547,755,MBA:689,Ventrolateral preoptic nucleus,MBA:141,MBA
MEZ,#FF4C3E,756,MBA:467,Hypothalamic medial zone,MBA:1097,MBA
AHN,#FF4C3E,757,MBA:88,Anterior hypothalamic nucleus,MBA:467,MBA
AHNa,#FF4C3E,758,MBA:700,"Anterior hypothalamic nucleus, anterior part",MBA:88,MBA
AHNc,#FF4C3E,759,MBA:708,"Anterior hypothalamic nucleus, central part",MBA:88,MBA
AHNd,#FF4C3E,760,MBA:716,"Anterior hypothalamic nucleus, dorsal part",MBA:88,MBA
AHNp,#FF4C3E,761,MBA:724,"Anterior hypothalamic nucleus, posterior part",MBA:88,MBA
MBO,#FF4C3E,762,MBA:331,Mammillary body,MBA:467,MBA
LM,#FF4C3E,763,MBA:210,Lateral mammillary nucleus,MBA:331,MBA
MM,#FF4C3E,764,MBA:491,Medial mammillary nucleus,MBA:331,MBA
MMme,#FF4C3E,765,MBA:732,"Medial mammillary nucleus, median part",MBA:491,MBA
MMl,#FF4C3E,766,MBA:606826647,"Medial mammillary nucleus, lateral part",MBA:491,MBA
MMm,#FF4C3E,767,MBA:606826651,"Medial mammillary nucleus, medial part",MBA:491,MBA
MMp,#FF4C3E,768,MBA:606826655,"Medial mammillary nucleus, posterior part",MBA:491,MBA
MMd,#FF4C3E,769,MBA:606826659,"Medial mammillary nucleus, dorsal part",MBA:491,MBA
SUM,#FF4C3E,770,MBA:525,Supramammillary nucleus,MBA:331,MBA
SUMl,#FF4C3E,771,MBA:1110,"Supramammillary nucleus, lateral part",MBA:525,MBA
SUMm,#FF4C3E,772,MBA:1118,"Supramammillary nucleus, medial part",MBA:525,MBA
TM,#FF4C3E,773,MBA:557,Tuberomammillary nucleus,MBA:331,MBA
TMd,#FF4C3E,774,MBA:1126,"Tuberomammillary nucleus, dorsal part",MBA:557,MBA
TMv,#FF4C3E,775,MBA:1,"Tuberomammillary nucleus, ventral part",MBA:557,MBA
MPN,#FF4C3E,776,MBA:515,Medial preoptic nucleus,MBA:467,MBA
MPNc,#FF4C3E,777,MBA:740,"Medial preoptic nucleus, central part",MBA:515,MBA
MPNl,#FF4C3E,778,MBA:748,"Medial preoptic nucleus, lateral part",MBA:515,MBA
MPNm,#FF4C3E,779,MBA:756,"Medial preoptic nucleus, medial part",MBA:515,MBA
PMd,#FF4C3E,780,MBA:980,Dorsal premammillary nucleus,MBA:467,MBA
PMv,#FF4C3E,781,MBA:1004,Ventral premammillary nucleus,MBA:467,MBA
PVHd,#FF4C3E,782,MBA:63,"Paraventricular hypothalamic nucleus, descending division",MBA:467,MBA
PVHdp,#FF4C3E,783,MBA:439,"Paraventricular hypothalamic nucleus, descending division, dorsal parvicellular part",MBA:63,MBA
PVHf,#FF4C3E,784,MBA:447,"Paraventricular hypothalamic nucleus, descending division, forniceal part",MBA:63,MBA
PVHlp,#FF4C3E,785,MBA:455,"Paraventricular hypothalamic nucleus, descending division, lateral parvicellular part",MBA:63,MBA
PVHmpv,#FF4C3E,786,MBA:464,"Paraventricular hypothalamic nucleus, descending division, medial parvicellular part, ventral zone",MBA:63,MBA
VMH,#FF4C3E,787,MBA:693,Ventromedial hypothalamic nucleus,MBA:467,MBA
VMHa,#FF4C3E,788,MBA:761,"Ventromedial hypothalamic nucleus, anterior part",MBA:693,MBA
VMHc,#FF4C3E,789,MBA:769,"Ventromedial hypothalamic nucleus, central part",MBA:693,MBA
VMHdm,#FF4C3E,790,MBA:777,"Ventromedial hypothalamic nucleus, dorsomedial part",MBA:693,MBA
VMHvl,#FF4C3E,791,MBA:785,"Ventromedial hypothalamic nucleus, ventrolateral part",MBA:693,MBA
PH,#FF4C3E,792,MBA:946,Posterior hypothalamic nucleus,MBA:467,MBA
LZ,#F2483B,793,MBA:290,Hypothalamic lateral zone,MBA:1097,MBA
LHA,#F2483B,794,MBA:194,Lateral hypothalamic area,MBA:290,MBA
LPO,#F2483B,795,MBA:226,Lateral preoptic area,MBA:290,MBA
PST,#F2483B,796,MBA:356,Preparasubthalamic nucleus,MBA:290,MBA
PSTN,#F2483B,797,MBA:364,Parasubthalamic nucleus,MBA:290,MBA
PeF,#F2483B,798,MBA:576073704,Perifornical nucleus,MBA:290,MBA
RCH,#F2483B,799,MBA:173,Retrochiasmatic area,MBA:290,MBA
STN,#F2483B,800,MBA:470,Subthalamic nucleus,MBA:290,MBA
TU,#F2483B,801,MBA:614,Tuberal nucleus,MBA:290,MBA
ZI,#F2483B,802,MBA:797,Zona incerta,MBA:290,MBA
A13,#F2483B,803,MBA:796,Dopaminergic A13 group,MBA:797,MBA
FF,#F2483B,804,MBA:804,Fields of Forel,MBA:797,MBA
ME,#F2483B,805,MBA:10671,Median eminence,MBA:1097,MBA
MB,#FF64FF,806,MBA:313,Midbrain,MBA:343,MBA
MBsen,#FF7AFF,807,MBA:339,"Midbrain, sensory related",MBA:313,MBA
SCs,#FF7AFF,808,MBA:302,"Superior colliculus, sensory related",MBA:339,MBA
SCop,#FF7AFF,809,MBA:851,"Superior colliculus, optic layer",MBA:302,MBA
SCsg,#FF7AFF,810,MBA:842,"Superior colliculus, superficial gray layer",MBA:302,MBA
SCzo,#FF7AFF,811,MBA:834,"Superior colliculus, zonal layer",MBA:302,MBA
IC,#FF7AFF,812,MBA:4,Inferior colliculus,MBA:339,MBA
ICc,#FF7AFF,813,MBA:811,"Inferior colliculus, central nucleus",MBA:4,MBA
ICd,#FF7AFF,814,MBA:820,"Inferior colliculus, dorsal nucleus",MBA:4,MBA
ICe,#FF7AFF,815,MBA:828,"Inferior colliculus, external nucleus",MBA:4,MBA
NB,#FF7AFF,816,MBA:580,Nucleus of the brachium of the inferior colliculus,MBA:339,MBA
SAG,#FF7AFF,817,MBA:271,Nucleus sagulum,MBA:339,MBA
PBG,#FF7AFF,818,MBA:874,Parabigeminal nucleus,MBA:339,MBA
MEV,#FF7AFF,819,MBA:460,Midbrain trigeminal nucleus,MBA:339,MBA
SCO,#FF7AFF,820,MBA:599626923,Subcommissural organ,MBA:339,MBA
MBmot,#FF90FF,821,MBA:323,"Midbrain, motor related",MBA:313,MBA
SNr,#FF90FF,822,MBA:381,"Substantia nigra, reticular part",MBA:323,MBA
VTA,#FF90FF,823,MBA:749,Ventral tegmental area,MBA:323,MBA
PN,#FF90FF,824,MBA:607344830,Paranigral nucleus,MBA:323,MBA
RR,#FF90FF,825,MBA:246,"Midbrain reticular nucleus, retrorubral area",MBA:323,MBA
MRN,#FF90FF,826,MBA:128,Midbrain reticular nucleus,MBA:323,MBA
MRNm,#FF90FF,827,MBA:539,"Midbrain reticular nucleus, magnocellular part",MBA:128,MBA
MRNmg,#FF90FF,828,MBA:548,"Midbrain reticular nucleus, magnocellular part, general",MBA:128,MBA
MRNp,#FF90FF,829,MBA:555,"Midbrain reticular nucleus, parvicellular part",MBA:128,MBA
SCm,#FF90FF,830,MBA:294,"Superior colliculus, motor related",MBA:323,MBA
SCdg,#FF90FF,831,MBA:26,"Superior colliculus, motor related, deep gray layer",MBA:294,MBA
SCdw,#FF90FF,832,MBA:42,"Superior colliculus, motor related, deep white layer",MBA:294,MBA
SCiw,#FF90FF,833,MBA:17,"Superior colliculus, motor related, intermediate white layer",MBA:294,MBA
SCig,#FF90FF,834,MBA:10,"Superior colliculus, motor related, intermediate gray layer",MBA:294,MBA
SCig-a,#FF90FF,835,MBA:494,"Superior colliculus, motor related, intermediate gray layer, sublayer a",MBA:10,MBA
SCig-b,#FF90FF,836,MBA:503,"Superior colliculus, motor related, intermediate gray layer, sublayer b",MBA:10,MBA
SCig-c,#FF90FF,837,MBA:511,"Superior colliculus, motor related, intermediate gray layer, sublayer c",MBA:10,MBA
PAG,#FF90FF,838,MBA:795,Periaqueductal gray,MBA:323,MBA
PRC,#FF90FF,839,MBA:50,Precommissural nucleus,MBA:795,MBA
INC,#FF90FF,840,MBA:67,Interstitial nucleus of Cajal,MBA:795,MBA
ND,#FF90FF,841,MBA:587,Nucleus of Darkschewitsch,MBA:795,MBA
Su3,#FF90FF,842,MBA:614454277,Supraoculomotor periaqueductal gray,MBA:795,MBA
PRT,#FF90FF,843,MBA:1100,Pretectal region,MBA:323,MBA
APN,#FF90FF,844,MBA:215,Anterior pretectal nucleus,MBA:1100,MBA
MPT,#FF90FF,845,MBA:531,Medial pretectal area,MBA:1100,MBA
NOT,#FF90FF,846,MBA:628,Nucleus of the optic tract,MBA:1100,MBA
NPC,#FF90FF,847,MBA:634,Nucleus of the posterior commissure,MBA:1100,MBA
OP,#FF90FF,848,MBA:706,Olivary pretectal nucleus,MBA:1100,MBA
PPT,#FF90FF,849,MBA:1061,Posterior pretectal nucleus,MBA:1100,MBA
RPF,#FF90FF,850,MBA:549009203,Retroparafascicular nucleus,MBA:1100,MBA
InCo,#FF90FF,851,MBA:549009207,Intercollicular nucleus,MBA:323,MBA
CUN,#FF90FF,852,MBA:616,Cuneiform nucleus,MBA:323,MBA
RN,#FF90FF,853,MBA:214,Red nucleus,MBA:323,MBA
III,#FF90FF,854,MBA:35,Oculomotor nucleus,MBA:323,MBA
MA3,#FF90FF,855,MBA:549009211,Medial accesory oculomotor nucleus,MBA:323,MBA
EW,#FF90FF,856,MBA:975,Edinger-Westphal nucleus,MBA:323,MBA
IV,#FF90FF,857,MBA:115,Trochlear nucleus,MBA:323,MBA
Pa4,#FF90FF,858,MBA:606826663,Paratrochlear nucleus,MBA:323,MBA
VTN,#FF90FF,859,MBA:757,Ventral tegmental nucleus,MBA:323,MBA
AT,#FF90FF,860,MBA:231,Anterior tegmental nucleus,MBA:323,MBA
LT,#FF90FF,861,MBA:66,Lateral terminal nucleus of the accessory optic tract,MBA:323,MBA
DT,#FF90FF,862,MBA:75,Dorsal terminal nucleus of the accessory optic tract,MBA:323,MBA
MT,#FF90FF,863,MBA:58,Medial terminal nucleus of the accessory optic tract,MBA:323,MBA
SNl,#FF90FF,864,MBA:615,"Substantia nigra, lateral part",MBA:323,MBA
MBsta,#FF90FF,865,MBA:348,"Midbrain, behavioral state related",MBA:313,MBA
SNc,#FFA6FF,866,MBA:374,"Substantia nigra, compact part",MBA:348,MBA
PPN,#FFA6FF,867,MBA:1052,Pedunculopontine nucleus,MBA:348,MBA
RAmb,#FFA6FF,868,MBA:165,Midbrain raphe nuclei,MBA:348,MBA
IF,#FFA6FF,869,MBA:12,Interfascicular nucleus raphe,MBA:165,MBA
IPN,#FFA6FF,870,MBA:100,Interpeduncular nucleus,MBA:165,MBA
IPR,#FFA6FF,871,MBA:607344834,"Interpeduncular nucleus, rostral",MBA:100,MBA
IPC,#FFA6FF,872,MBA:607344838,"Interpeduncular nucleus, caudal",MBA:100,MBA
IPA,#FFA6FF,873,MBA:607344842,"Interpeduncular nucleus, apical",MBA:100,MBA
IPL,#FFA6FF,874,MBA:607344846,"Interpeduncular nucleus, lateral",MBA:100,MBA
IPI,#FFA6FF,875,MBA:607344850,"Interpeduncular nucleus, intermediate",MBA:100,MBA
IPDM,#FFA6FF,876,MBA:607344854,"Interpeduncular nucleus, dorsomedial",MBA:100,MBA
IPDL,#FFA6FF,877,MBA:607344858,"Interpeduncular nucleus, dorsolateral",MBA:100,MBA
IPRL,#FFA6FF,878,MBA:607344862,"Interpeduncular nucleus, rostrolateral",MBA:100,MBA
RL,#FFA6FF,879,MBA:197,Rostral linear nucleus raphe,MBA:165,MBA
CLI,#FFA6FF,880,MBA:591,Central linear nucleus raphe,MBA:165,MBA
DR,#FFA6FF,881,MBA:872,Dorsal nucleus raphe,MBA:165,MBA
HB,#FF9B88,882,MBA:1065,Hindbrain,MBA:343,MBA
P,#FF9B88,883,MBA:771,Pons,MBA:1065,MBA
P-sen,#FFAE6F,884,MBA:1132,"Pons, sensory related",MBA:771,MBA
NLL,#FFAE6F,885,MBA:612,Nucleus of the lateral lemniscus,MBA:1132,MBA
NLLd,#FFAE6F,886,MBA:82,"Nucleus of the lateral lemniscus, dorsal part",MBA:612,MBA
NLLh,#FFAE6F,887,MBA:90,"Nucleus of the lateral lemniscus, horizontal part",MBA:612,MBA
NLLv,#FFAE6F,888,MBA:99,"Nucleus of the lateral lemniscus, ventral part",MBA:612,MBA
PSV,#FFAE6F,889,MBA:7,Principal sensory nucleus of the trigeminal,MBA:1132,MBA
PB,#FFAE6F,890,MBA:867,Parabrachial nucleus,MBA:1132,MBA
KF,#FFAE6F,891,MBA:123,Koelliker-Fuse subnucleus,MBA:867,MBA
PBl,#FFAE6F,892,MBA:881,"Parabrachial nucleus, lateral division",MBA:867,MBA
PBlc,#FFAE6F,893,MBA:860,"Parabrachial nucleus, lateral division, central lateral part",MBA:881,MBA
PBld,#FFAE6F,894,MBA:868,"Parabrachial nucleus, lateral division, dorsal lateral part",MBA:881,MBA
PBle,#FFAE6F,895,MBA:875,"Parabrachial nucleus, lateral division, external lateral part",MBA:881,MBA
PBls,#FFAE6F,896,MBA:883,"Parabrachial nucleus, lateral division, superior lateral part",MBA:881,MBA
PBlv,#FFAE6F,897,MBA:891,"Parabrachial nucleus, lateral division, ventral lateral part",MBA:881,MBA
PBm,#FFAE6F,898,MBA:890,"Parabrachial nucleus, medial division",MBA:867,MBA
PBme,#FFAE6F,899,MBA:899,"Parabrachial nucleus, medial division, external medial part",MBA:890,MBA
PBmm,#FFAE6F,900,MBA:915,"Parabrachial nucleus, medial division, medial medial part",MBA:890,MBA
PBmv,#FFAE6F,901,MBA:923,"Parabrachial nucleus, medial division, ventral medial part",MBA:890,MBA
SOC,#FFAE6F,902,MBA:398,Superior olivary complex,MBA:1132,MBA
POR,#FFAE6F,903,MBA:122,"Superior olivary complex, periolivary region",MBA:398,MBA
SOCm,#FFAE6F,904,MBA:105,"Superior olivary complex, medial part",MBA:398,MBA
SOCl,#FFAE6F,905,MBA:114,"Superior olivary complex, lateral part",MBA:398,MBA
P-mot,#FFBA86,906,MBA:987,"Pons, motor related",MBA:771,MBA
B,#FFBA86,907,MBA:280,Barrington's nucleus,MBA:987,MBA
DTN,#FFBA86,908,MBA:880,Dorsal tegmental nucleus,MBA:987,MBA
LTN,#FFBA86,909,MBA:283,Lateral tegmental nucleus,MBA:987,MBA
PDTg,#FFBA86,910,MBA:599626927,Posterodorsal tegmental nucleus,MBA:987,MBA
PCG,#FFBA86,911,MBA:898,Pontine central gray,MBA:987,MBA
PG,#FFBA86,912,MBA:931,Pontine gray,MBA:987,MBA
PRNc,#FFBA86,913,MBA:1093,"Pontine reticular nucleus, caudal part",MBA:987,MBA
PRNv,#FFBA86,914,MBA:552,"Pontine reticular nucleus, ventral part",MBA:987,MBA
SG,#FFBA86,915,MBA:318,Supragenual nucleus,MBA:987,MBA
SSN,#FFBA86,916,MBA:462,Superior salivatory nucleus,MBA:987,MBA
SUT,#FFBA86,917,MBA:534,Supratrigeminal nucleus,MBA:987,MBA
TRN,#FFBA86,918,MBA:574,Tegmental reticular nucleus,MBA:987,MBA
V,#FFBA86,919,MBA:621,Motor nucleus of trigeminal,MBA:987,MBA
P5,#FFBA86,920,MBA:549009215,Peritrigeminal zone,MBA:987,MBA
Acs5,#FFBA86,921,MBA:549009219,Accessory trigeminal nucleus,MBA:987,MBA
PC5,#FFBA86,922,MBA:549009223,Parvicellular motor 5 nucleus,MBA:987,MBA
I5,#FFBA86,923,MBA:549009227,Intertrigeminal nucleus,MBA:987,MBA
P-sat,#FFC395,924,MBA:1117,"Pons, behavioral state related",MBA:771,MBA
CS,#FFC395,925,MBA:679,Superior central nucleus raphe,MBA:1117,MBA
CSl,#FFC395,926,MBA:137,"Superior central nucleus raphe, lateral part",MBA:679,MBA
CSm,#FFC395,927,MBA:130,"Superior central nucleus raphe, medial part",MBA:679,MBA
LC,#FFC395,928,MBA:147,Locus ceruleus,MBA:1117,MBA
LDT,#FFC395,929,MBA:162,Laterodorsal tegmental nucleus,MBA:1117,MBA
NI,#FFC395,930,MBA:604,Nucleus incertus,MBA:1117,MBA
PRNr,#FFC395,931,MBA:146,Pontine reticular nucleus,MBA:1117,MBA
RPO,#FFC395,932,MBA:238,Nucleus raphe pontis,MBA:1117,MBA
SLC,#FFC395,933,MBA:350,Subceruleus nucleus,MBA:1117,MBA
SLD,#FFC395,934,MBA:358,Sublaterodorsal nucleus,MBA:1117,MBA
MY,#FF9BCD,935,MBA:354,Medulla,MBA:1065,MBA
MY-sen,#FFA5D2,936,MBA:386,"Medulla, sensory related",MBA:354,MBA
AP,#FFA5D2,937,MBA:207,Area postrema,MBA:386,MBA
CN,#FFA5D2,938,MBA:607,Cochlear nuclei,MBA:386,MBA
CNlam,#FFA5D2,939,MBA:112,Granular lamina of the cochlear nuclei,MBA:607,MBA
CNspg,#FFA5D2,940,MBA:560,"Cochlear nucleus, subpedunclular granular region",MBA:607,MBA
DCO,#FFA5D2,941,MBA:96,Dorsal cochlear nucleus,MBA:607,MBA
VCO,#FFA5D2,942,MBA:101,Ventral cochlear nucleus,MBA:607,MBA
DCN,#FFA5D2,943,MBA:720,Dorsal column nuclei,MBA:386,MBA
CU,#FFA5D2,944,MBA:711,Cuneate nucleus,MBA:720,MBA
GR,#FFA5D2,945,MBA:1039,Gracile nucleus,MBA:720,MBA
ECU,#FFA5D2,946,MBA:903,External cuneate nucleus,MBA:386,MBA
NTB,#FFA5D2,947,MBA:642,Nucleus of the trapezoid body,MBA:386,MBA
NTS,#FFA5D2,948,MBA:651,Nucleus of the solitary tract,MBA:386,MBA
NTSce,#FFA5D2,949,MBA:659,"Nucleus of the solitary tract, central part",MBA:651,MBA
NTSco,#FFA5D2,950,MBA:666,"Nucleus of the solitary tract, commissural part",MBA:651,MBA
NTSge,#FFA5D2,951,MBA:674,"Nucleus of the solitary tract, gelatinous part",MBA:651,MBA
NTSl,#FFA5D2,952,MBA:682,"Nucleus of the solitary tract, lateral part",MBA:651,MBA
NTSm,#FFA5D2,953,MBA:691,"Nucleus of the solitary tract, medial part",MBA:651,MBA
SPVC,#FFA5D2,954,MBA:429,"Spinal nucleus of the trigeminal, caudal part",MBA:386,MBA
SPVI,#FFA5D2,955,MBA:437,"Spinal nucleus of the trigeminal, interpolar part",MBA:386,MBA
SPVO,#FFA5D2,956,MBA:445,"Spinal nucleus of the trigeminal, oral part",MBA:386,MBA
SPVOcdm,#FFA5D2,957,MBA:77,"Spinal nucleus of the trigeminal, oral part, caudal dorsomedial part",MBA:445,MBA
SPVOmdmd,#FFA5D2,958,MBA:53,"Spinal nucleus of the trigeminal, oral part, middle dorsomedial part, dorsal zone",MBA:445,MBA
SPVOmdmv,#FFA5D2,959,MBA:61,"Spinal nucleus of the trigeminal, oral part, middle dorsomedial part, ventral zone",MBA:445,MBA
SPVOrdm,#FFA5D2,960,MBA:45,"Spinal nucleus of the trigeminal, oral part, rostral dorsomedial part",MBA:445,MBA
SPVOvl,#FFA5D2,961,MBA:69,"Spinal nucleus of the trigeminal, oral part, ventrolateral part",MBA:445,MBA
Pa5,#FFA5D2,962,MBA:589508451,Paratrigeminal nucleus,MBA:386,MBA
z,#FFA5D2,963,MBA:789,Nucleus z,MBA:386,MBA
MY-mot,#FFB3D9,964,MBA:370,"Medulla, motor related",MBA:354,MBA
VI,#FFB3D9,965,MBA:653,Abducens nucleus,MBA:370,MBA
ACVI,#FFB3D9,966,MBA:568,Accessory abducens nucleus,MBA:370,MBA
VII,#FFB3D9,967,MBA:661,Facial motor nucleus,MBA:370,MBA
ACVII,#FFB3D9,968,MBA:576,Accessory facial motor nucleus,MBA:370,MBA
EV,#FFB3D9,969,MBA:640,Efferent vestibular nucleus,MBA:370,MBA
AMB,#FFB3D9,970,MBA:135,Nucleus ambiguus,MBA:370,MBA
AMBd,#FFB3D9,971,MBA:939,"Nucleus ambiguus, dorsal division",MBA:135,MBA
AMBv,#FFB3D9,972,MBA:143,"Nucleus ambiguus, ventral division",MBA:135,MBA
DMX,#FFB3D9,973,MBA:839,Dorsal motor nucleus of the vagus nerve,MBA:370,MBA
ECO,#FFB3D9,974,MBA:887,Efferent cochlear group,MBA:370,MBA
GRN,#FFB3D9,975,MBA:1048,Gigantocellular reticular nucleus,MBA:370,MBA
ICB,#FFB3D9,976,MBA:372,Infracerebellar nucleus,MBA:370,MBA
IO,#FFB3D9,977,MBA:83,Inferior olivary complex,MBA:370,MBA
IRN,#FFB3D9,978,MBA:136,Intermediate reticular nucleus,MBA:370,MBA
ISN,#FFB3D9,979,MBA:106,Inferior salivatory nucleus,MBA:370,MBA
LIN,#FFB3D9,980,MBA:203,Linear nucleus of the medulla,MBA:370,MBA
LRN,#FFB3D9,981,MBA:235,Lateral reticular nucleus,MBA:370,MBA
LRNm,#FFB3D9,982,MBA:955,"Lateral reticular nucleus, magnocellular part",MBA:235,MBA
LRNp,#FFB3D9,983,MBA:963,"Lateral reticular nucleus, parvicellular part",MBA:235,MBA
MARN,#FFB3D9,984,MBA:307,Magnocellular reticular nucleus,MBA:370,MBA
MDRN,#FFB3D9,985,MBA:395,Medullary reticular nucleus,MBA:370,MBA
MDRNd,#FFB3D9,986,MBA:1098,"Medullary reticular nucleus, dorsal part",MBA:395,MBA
MDRNv,#FFB3D9,987,MBA:1107,"Medullary reticular nucleus, ventral part",MBA:395,MBA
PARN,#FFB3D9,988,MBA:852,Parvicellular reticular nucleus,MBA:370,MBA
PAS,#FFB3D9,989,MBA:859,Parasolitary nucleus,MBA:370,MBA
PGRN,#FFB3D9,990,MBA:938,Paragigantocellular reticular nucleus,MBA:370,MBA
PGRNd,#FFB3D9,991,MBA:970,"Paragigantocellular reticular nucleus, dorsal part",MBA:938,MBA
PGRNl,#FFB3D9,992,MBA:978,"Paragigantocellular reticular nucleus, lateral part",MBA:938,MBA
PHY,#FFB3D9,993,MBA:154,Perihypoglossal nuclei,MBA:370,MBA
NIS,#FFB3D9,994,MBA:161,Nucleus intercalatus,MBA:154,MBA
NR,#FFB3D9,995,MBA:177,Nucleus of Roller,MBA:154,MBA
PRP,#FFB3D9,996,MBA:169,Nucleus prepositus,MBA:154,MBA
PMR,#FFB3D9,997,MBA:995,Paramedian reticular nucleus,MBA:370,MBA
PPY,#FFB3D9,998,MBA:1069,Parapyramidal nucleus,MBA:370,MBA
PPYd,#FFB3D9,999,MBA:185,"Parapyramidal nucleus, deep part",MBA:1069,MBA
PPYs,#FFB3D9,1000,MBA:193,"Parapyramidal nucleus, superficial part",MBA:1069,MBA
VNC,#FFB3D9,1001,MBA:701,Vestibular nuclei,MBA:370,MBA
LAV,#FFB3D9,1002,MBA:209,Lateral vestibular nucleus,MBA:701,MBA
MV,#FFB3D9,1003,MBA:202,Medial vestibular nucleus,MBA:701,MBA
SPIV,#FFB3D9,1004,MBA:225,Spinal vestibular nucleus,MBA:701,MBA
SUV,#FFB3D9,1005,MBA:217,Superior vestibular nucleus,MBA:701,MBA
x,#FFB3D9,1006,MBA:765,Nucleus x,MBA:370,MBA
XII,#FFB3D9,1007,MBA:773,Hypoglossal nucleus,MBA:370,MBA
y,#FFB3D9,1008,MBA:781,Nucleus y,MBA:370,MBA
INV,#FFB3D9,1009,MBA:76,Interstitial nucleus of the vestibular nerve,MBA:370,MBA
MY-sat,#FFC6E2,1010,MBA:379,"Medulla, behavioral state related",MBA:354,MBA
RM,#FFC6E2,1011,MBA:206,Nucleus raphe magnus,MBA:379,MBA
RPA,#FFC6E2,1012,MBA:230,Nucleus raphe pallidus,MBA:379,MBA
RO,#FFC6E2,1013,MBA:222,Nucleus raphe obscurus,MBA:379,MBA
CB,#F0F080,1014,MBA:512,Cerebellum,MBA:8,MBA
CBX,#F0F080,1015,MBA:528,Cerebellar cortex,MBA:512,MBA
CBXmo,#FFFC91,1016,MBA:1144,"Cerebellar cortex, molecular layer",MBA:528,MBA
CBXpu,#FFFC91,1017,MBA:1145,"Cerebellar cortex, Purkinje layer",MBA:528,MBA
CBXgr,#ECE754,1018,MBA:1143,"Cerebellar cortex, granular layer",MBA:528,MBA
VERM,#FFFC91,1019,MBA:645,Vermal regions,MBA:528,MBA
LING,#FFFC91,1020,MBA:912,Lingula (I),MBA:645,MBA
LINGmo,#FFFC91,1021,MBA:10707,"Lingula (I), molecular layer",MBA:912,MBA
LINGpu,#FFFC91,1022,MBA:10706,"Lingula (I), Purkinje layer",MBA:912,MBA
LINGgr,#ECE754,1023,MBA:10705,"Lingula (I), granular layer",MBA:912,MBA
CENT,#FFFC91,1024,MBA:920,Central lobule,MBA:645,MBA
CENT2,#FFFC91,1025,MBA:976,Lobule II,MBA:920,MBA
CENT2mo,#FFFC91,1026,MBA:10710,"Lobule II, molecular layer",MBA:976,MBA
CENT2pu,#FFFC91,1027,MBA:10709,"Lobule II, Purkinje layer",MBA:976,MBA
CENT2gr,#ECE754,1028,MBA:10708,"Lobule II, granular layer",MBA:976,MBA
CENT3,#FFFC91,1029,MBA:984,Lobule III,MBA:920,MBA
CENT3mo,#FFFC91,1030,MBA:10713,"Lobule III, molecular layer",MBA:984,MBA
CENT3pu,#FFFC91,1031,MBA:10712,"Lobule III, Purkinje layer",MBA:984,MBA
CENT3gr,#ECE754,1032,MBA:10711,"Lobule III, granular layer",MBA:984,MBA
CUL,#FFFC91,1033,MBA:928,Culmen,MBA:645,MBA
CUL4,#FFFC91,1034,MBA:992,Lobule IV,MBA:928,MBA
CUL4mo,#FFFC91,1035,MBA:10716,"Lobule IV, molecular layer",MBA:992,MBA
CUL4pu,#FFFC91,1036,MBA:10715,"Lobule IV, Purkinje layer",MBA:992,MBA
CUL4gr,#ECE754,1037,MBA:10714,"Lobule IV, granular layer",MBA:992,MBA
CUL5,#FFFC91,1038,MBA:1001,Lobule V,MBA:928,MBA
CUL5mo,#FFFC91,1039,MBA:10719,"Lobule V, molecular layer",MBA:1001,MBA
CUL5pu,#FFFC91,1040,MBA:10718,"Lobule V, Purkinje layer",MBA:1001,MBA
CUL5gr,#ECE754,1041,MBA:10717,"Lobule V, granular layer",MBA:1001,MBA
"CUL4, 5",#FFFC91,1042,MBA:1091,Lobules IV-V,MBA:928,MBA
"CUL4, 5mo",#FFFC91,1043,MBA:10722,"Lobules IV-V, molecular layer",MBA:1091,MBA
"CUL4, 5pu",#FFFC91,1044,MBA:10721,"Lobules IV-V, Purkinje layer",MBA:1091,MBA
"CUL4, 5gr",#ECE754,1045,MBA:10720,"Lobules IV-V, granular layer",MBA:1091,MBA
DEC,#FFFC91,1046,MBA:936,Declive (VI),MBA:645,MBA
DECmo,#FFFC91,1047,MBA:10725,"Declive (VI), molecular layer",MBA:936,MBA
DECpu,#FFFC91,1048,MBA:10724,"Declive (VI), Purkinje layer",MBA:936,MBA
DECgr,#ECE754,1049,MBA:10723,"Declive (VI), granular layer",MBA:936,MBA
FOTU,#FFFC91,1050,MBA:944,Folium-tuber vermis (VII),MBA:645,MBA
FOTUmo,#FFFC91,1051,MBA:10728,"Folium-tuber vermis (VII), molecular layer",MBA:944,MBA
FOTUpu,#FFFC91,1052,MBA:10727,"Folium-tuber vermis (VII), Purkinje layer",MBA:944,MBA
FOTUgr,#ECE754,1053,MBA:10726,"Folium-tuber vermis (VII), granular layer",MBA:944,MBA
PYR,#FFFC91,1054,MBA:951,Pyramus (VIII),MBA:645,MBA
PYRmo,#FFFC91,1055,MBA:10731,"Pyramus (VIII), molecular layer",MBA:951,MBA
PYRpu,#FFFC91,1056,MBA:10730,"Pyramus (VIII), Purkinje layer",MBA:951,MBA
PYRgr,#ECE754,1057,MBA:10729,"Pyramus (VIII), granular layer",MBA:951,MBA
UVU,#FFFC91,1058,MBA:957,Uvula (IX),MBA:645,MBA
UVUmo,#FFFC91,1059,MBA:10734,"Uvula (IX), molecular layer",MBA:957,MBA
UVUpu,#FFFC91,1060,MBA:10733,"Uvula (IX), Purkinje layer",MBA:957,MBA
UVUgr,#ECE754,1061,MBA:10732,"Uvula (IX), granular layer",MBA:957,MBA
NOD,#FFFC91,1062,MBA:968,Nodulus (X),MBA:645,MBA
NODmo,#FFFC91,1063,MBA:10737,"Nodulus (X), molecular layer",MBA:968,MBA
NODpu,#FFFC91,1064,MBA:10736,"Nodulus (X), Purkinje layer",MBA:968,MBA
NODgr,#ECE754,1065,MBA:10735,"Nodulus (X), granular layer",MBA:968,MBA
HEM,#FFFC91,1066,MBA:1073,Hemispheric regions,MBA:528,MBA
SIM,#FFFC91,1067,MBA:1007,Simple lobule,MBA:1073,MBA
SIMmo,#FFFC91,1068,MBA:10674,"Simple lobule, molecular layer",MBA:1007,MBA
SIMpu,#FFFC91,1069,MBA:10673,"Simple lobule, Purkinje layer",MBA:1007,MBA
SIMgr,#ECE754,1070,MBA:10672,"Simple lobule, granular layer",MBA:1007,MBA
AN,#FFFC91,1071,MBA:1017,Ansiform lobule,MBA:1073,MBA
ANcr1,#FFFC91,1072,MBA:1056,Crus 1,MBA:1017,MBA
ANcr1mo,#FFFC91,1073,MBA:10677,"Crus 1, molecular layer",MBA:1056,MBA
ANcr1pu,#FFFC91,1074,MBA:10676,"Crus 1, Purkinje layer",MBA:1056,MBA
ANcr1gr,#ECE754,1075,MBA:10675,"Crus 1, granular layer",MBA:1056,MBA
ANcr2,#FFFC91,1076,MBA:1064,Crus 2,MBA:1017,MBA
ANcr2mo,#FFFC91,1077,MBA:10680,"Crus 2, molecular layer",MBA:1064,MBA
ANcr2pu,#FFFC91,1078,MBA:10679,"Crus 2, Purkinje layer",MBA:1064,MBA
ANcr2gr,#ECE754,1079,MBA:10678,"Crus 2, granular layer",MBA:1064,MBA
PRM,#FFFC91,1080,MBA:1025,Paramedian lobule,MBA:1073,MBA
PRMmo,#FFFC91,1081,MBA:10683,"Paramedian lobule, molecular layer",MBA:1025,MBA
PRMpu,#FFFC91,1082,MBA:10682,"Paramedian lobule, Purkinje layer",MBA:1025,MBA
PRMgr,#ECE754,1083,MBA:10681,"Paramedian lobule, granular layer",MBA:1025,MBA
COPY,#FFFC91,1084,MBA:1033,Copula pyramidis,MBA:1073,MBA
COPYmo,#FFFC91,1085,MBA:10686,"Copula pyramidis, molecular layer",MBA:1033,MBA
COPYpu,#FFFC91,1086,MBA:10685,"Copula pyramidis, Purkinje layer",MBA:1033,MBA
COPYgr,#ECE754,1087,MBA:10684,"Copula pyramidis, granular layer",MBA:1033,MBA
PFL,#FFFC91,1088,MBA:1041,Paraflocculus,MBA:1073,MBA
PFLmo,#FFFC91,1089,MBA:10689,"Paraflocculus, molecular layer",MBA:1041,MBA
PFLpu,#FFFC91,1090,MBA:10688,"Paraflocculus, Purkinje layer",MBA:1041,MBA
PFLgr,#ECE754,1091,MBA:10687,"Paraflocculus, granular layer",MBA:1041,MBA
FL,#FFFC91,1092,MBA:1049,Flocculus,MBA:1073,MBA
FLmo,#FFFC91,1093,MBA:10692,"Flocculus, molecular layer",MBA:1049,MBA
FLpu,#FFFC91,1094,MBA:10691,"Flocculus, Purkinje layer",MBA:1049,MBA
FLgr,#ECE754,1095,MBA:10690,"Flocculus, granular layer",MBA:1049,MBA
CBN,#F0F080,1096,MBA:519,Cerebellar nuclei,MBA:512,MBA
FN,#FFFDBC,1097,MBA:989,Fastigial nucleus,MBA:519,MBA
IP,#FFFDBC,1098,MBA:91,Interposed nucleus,MBA:519,MBA
DN,#FFFDBC,1099,MBA:846,Dentate nucleus,MBA:519,MBA
VeCB,#FFFDBC,1100,MBA:589508455,Vestibulocerebellar nucleus,MBA:519,MBA
fiber tracts,#CCCCCC,1101,MBA:1009,fiber tracts,MBA:997,MBA
cm,#CCCCCC,1102,MBA:967,cranial nerves,MBA:1009,MBA
tn,#CCCCCC,1103,MBA:885,terminal nerve,MBA:967,MBA
von,#CCCCCC,1104,MBA:949,vomeronasal nerve,MBA:967,MBA
In,#CCCCCC,1105,MBA:840,olfactory nerve,MBA:967,MBA
onl,#CCCCCC,1106,MBA:1016,olfactory nerve layer of main olfactory bulb,MBA:840,MBA
lotg,#CCCCCC,1107,MBA:21,"lateral olfactory tract, general",MBA:840,MBA
lot,#CCCCCC,1108,MBA:665,"lateral olfactory tract, body",MBA:21,MBA
lotd,#CCCCCC,1109,MBA:538,dorsal limb,MBA:21,MBA
aolt,#CCCCCC,1110,MBA:459,accessory olfactory tract,MBA:21,MBA
aco,#CCCCCC,1111,MBA:900,"anterior commissure, olfactory limb",MBA:840,MBA
IIn,#CCCCCC,1112,MBA:848,optic nerve,MBA:967,MBA
aot,#CCCCCC,1113,MBA:876,accessory optic tract,MBA:848,MBA
bsc,#CCCCCC,1114,MBA:916,brachium of the superior colliculus,MBA:848,MBA
csc,#CCCCCC,1115,MBA:336,superior colliculus commissure,MBA:848,MBA
och,#CCCCCC,1116,MBA:117,optic chiasm,MBA:848,MBA
opt,#CCCCCC,1117,MBA:125,optic tract,MBA:848,MBA
ttp,#CCCCCC,1118,MBA:357,tectothalamic pathway,MBA:848,MBA
IIIn,#CCCCCC,1119,MBA:832,oculomotor nerve,MBA:967,MBA
mlf,#CCCCCC,1120,MBA:62,medial longitudinal fascicle,MBA:832,MBA
pc,#CCCCCC,1121,MBA:158,posterior commissure,MBA:832,MBA
IVn,#CCCCCC,1122,MBA:911,trochlear nerve,MBA:967,MBA
IVd,#CCCCCC,1123,MBA:384,trochlear nerve decussation,MBA:911,MBA
VIn,#CCCCCC,1124,MBA:710,abducens nerve,MBA:967,MBA
Vn,#CCCCCC,1125,MBA:901,trigeminal nerve,MBA:967,MBA
moV,#CCCCCC,1126,MBA:93,motor root of the trigeminal nerve,MBA:901,MBA
sV,#CCCCCC,1127,MBA:229,sensory root of the trigeminal nerve,MBA:901,MBA
mtV,#CCCCCC,1128,MBA:705,midbrain tract of the trigeminal nerve,MBA:229,MBA
sptV,#CCCCCC,1129,MBA:794,spinal tract of the trigeminal nerve,MBA:229,MBA
VIIn,#CCCCCC,1130,MBA:798,facial nerve,MBA:967,MBA
iVIIn,#CCCCCC,1131,MBA:1131,intermediate nerve,MBA:798,MBA
gVIIn,#CCCCCC,1132,MBA:1116,genu of the facial nerve,MBA:798,MBA
VIIIn,#CCCCCC,1133,MBA:933,vestibulocochlear nerve,MBA:967,MBA
cvb,#CCCCCC,1134,MBA:1076,efferent cochleovestibular bundle,MBA:933,MBA
vVIIIn,#CCCCCC,1135,MBA:413,vestibular nerve,MBA:933,MBA
cVIIIn,#CCCCCC,1136,MBA:948,cochlear nerve,MBA:933,MBA
tb,#CCCCCC,1137,MBA:841,trapezoid body,MBA:948,MBA
ias,#CCCCCC,1138,MBA:641,intermediate acoustic stria,MBA:948,MBA
das,#CCCCCC,1139,MBA:506,dorsal acoustic stria,MBA:948,MBA
ll,#CCCCCC,1140,MBA:658,lateral lemniscus,MBA:948,MBA
cic,#CCCCCC,1141,MBA:633,inferior colliculus commissure,MBA:948,MBA
bic,#CCCCCC,1142,MBA:482,brachium of the inferior colliculus,MBA:948,MBA
IXn,#CCCCCC,1143,MBA:808,glossopharyngeal nerve,MBA:967,MBA
Xn,#CCCCCC,1144,MBA:917,vagus nerve,MBA:967,MBA
ts,#CCCCCC,1145,MBA:237,solitary tract,MBA:917,MBA
XIn,#CCCCCC,1146,MBA:717,accessory spinal nerve,MBA:967,MBA
XIIn,#CCCCCC,1147,MBA:813,hypoglossal nerve,MBA:967,MBA
vrt,#CCCCCC,1148,MBA:925,ventral roots,MBA:967,MBA
drt,#CCCCCC,1149,MBA:792,dorsal roots,MBA:967,MBA
cett,#CCCCCC,1150,MBA:932,cervicothalamic tract,MBA:792,MBA
dl,#CCCCCC,1151,MBA:570,dorsolateral fascicle,MBA:932,MBA
dcm,#CCCCCC,1152,MBA:522,dorsal commissure of the spinal cord,MBA:932,MBA
vc,#CCCCCC,1153,MBA:858,ventral commissure of the spinal cord,MBA:932,MBA
fpr,#CCCCCC,1154,MBA:586,fasciculus proprius,MBA:932,MBA
dc,#CCCCCC,1155,MBA:514,dorsal column,MBA:932,MBA
cuf,#CCCCCC,1156,MBA:380,cuneate fascicle,MBA:514,MBA
grf,#CCCCCC,1157,MBA:388,gracile fascicle,MBA:514,MBA
iaf,#CCCCCC,1158,MBA:396,internal arcuate fibers,MBA:514,MBA
ml,#CCCCCC,1159,MBA:697,medial lemniscus,MBA:932,MBA
sst,#CCCCCC,1160,MBA:871,spinothalamic tract,MBA:967,MBA
sttl,#CCCCCC,1161,MBA:29,lateral spinothalamic tract,MBA:871,MBA
sttv,#CCCCCC,1162,MBA:389,ventral spinothalamic tract,MBA:871,MBA
scrt,#CCCCCC,1163,MBA:245,spinocervical tract,MBA:871,MBA
sop,#CCCCCC,1164,MBA:261,spino-olivary pathway,MBA:871,MBA
srp,#CCCCCC,1165,MBA:270,spinoreticular pathway,MBA:871,MBA
svp,#CCCCCC,1166,MBA:293,spinovestibular pathway,MBA:871,MBA
stp,#CCCCCC,1167,MBA:277,spinotectal pathway,MBA:871,MBA
shp,#CCCCCC,1168,MBA:253,spinohypothalamic pathway,MBA:871,MBA
step,#CCCCCC,1169,MBA:285,spinotelenchephalic pathway,MBA:871,MBA
hht,#CCCCCC,1170,MBA:627,hypothalamohypophysial tract,MBA:285,MBA
cbf,#CCCCCC,1171,MBA:960,cerebellum related fiber tracts,MBA:1009,MBA
cbc,#CCCCCC,1172,MBA:744,cerebellar commissure,MBA:960,MBA
cbp,#CCCCCC,1173,MBA:752,cerebellar peduncles,MBA:960,MBA
scp,#CCCCCC,1174,MBA:326,superior cerebelar peduncles,MBA:752,MBA
dscp,#CCCCCC,1175,MBA:812,superior cerebellar peduncle decussation,MBA:326,MBA
sct,#CCCCCC,1176,MBA:85,spinocerebellar tract,MBA:812,MBA
uf,#CCCCCC,1177,MBA:850,uncinate fascicle,MBA:326,MBA
sctv,#CCCCCC,1178,MBA:866,ventral spinocerebellar tract,MBA:326,MBA
mcp,#CCCCCC,1179,MBA:78,middle cerebellar peduncle,MBA:752,MBA
icp,#CCCCCC,1180,MBA:1123,inferior cerebellar peduncle,MBA:752,MBA
sctd,#CCCCCC,1181,MBA:553,dorsal spinocerebellar tract,MBA:1123,MBA
cct,#CCCCCC,1182,MBA:499,cuneocerebellar tract,MBA:1123,MBA
jrb,#CCCCCC,1183,MBA:650,juxtarestiform body,MBA:1123,MBA
bct,#CCCCCC,1184,MBA:490,bulbocerebellar tract,MBA:1123,MBA
oct,#CCCCCC,1185,MBA:404,olivocerebellar tract,MBA:490,MBA
rct,#CCCCCC,1186,MBA:410,reticulocerebellar tract,MBA:490,MBA
tct,#CCCCCC,1187,MBA:373,trigeminocerebellar tract,MBA:752,MBA
arb,#CCCCCC,1188,MBA:728,arbor vitae,MBA:960,MBA
scwm,#CCCCCC,1189,MBA:484682512,supra-callosal cerebral white matter,MBA:1009,MBA
lfbs,#CCCCCC,1190,MBA:983,lateral forebrain bundle system,MBA:1009,MBA
cc,#CCCCCC,1191,MBA:776,corpus callosum,MBA:983,MBA
fa,#CCCCCC,1192,MBA:956,"corpus callosum, anterior forceps",MBA:776,MBA
ec,#CCCCCC,1193,MBA:579,external capsule,MBA:956,MBA
ee,#CCCCCC,1194,MBA:964,"corpus callosum, extreme capsule",MBA:776,MBA
ccg,#CCCCCC,1195,MBA:1108,genu of corpus callosum,MBA:776,MBA
fp,#CCCCCC,1196,MBA:971,"corpus callosum, posterior forceps",MBA:776,MBA
ccr,#CCCCCC,1197,MBA:979,"corpus callosum, rostrum",MBA:776,MBA
ccb,#CCCCCC,1198,MBA:484682516,"corpus callosum, body",MBA:776,MBA
ccs,#CCCCCC,1199,MBA:986,"corpus callosum, splenium",MBA:776,MBA
cst,#CCCCCC,1200,MBA:784,corticospinal tract,MBA:983,MBA
int,#CCCCCC,1201,MBA:6,internal capsule,MBA:784,MBA
cpd,#CCCCCC,1202,MBA:924,cerebal peduncle,MBA:784,MBA
cte,#CCCCCC,1203,MBA:1036,corticotectal tract,MBA:784,MBA
crt,#CCCCCC,1204,MBA:1012,corticorubral tract,MBA:784,MBA
cpt,#CCCCCC,1205,MBA:1003,corticopontine tract,MBA:784,MBA
cbt,#CCCCCC,1206,MBA:994,corticobulbar tract,MBA:784,MBA
py,#CCCCCC,1207,MBA:190,pyramid,MBA:784,MBA
pyd,#CCCCCC,1208,MBA:198,pyramidal decussation,MBA:784,MBA
cstc,#CCCCCC,1209,MBA:1019,"corticospinal tract, crossed",MBA:784,MBA
cstu,#CCCCCC,1210,MBA:1028,"corticospinal tract, uncrossed",MBA:784,MBA
lfbst,#CCCCCC,1211,MBA:896,thalamus related,MBA:983,MBA
em,#CCCCCC,1212,MBA:1092,external medullary lamina of the thalamus,MBA:896,MBA
im,#CCCCCC,1213,MBA:14,internal medullary lamina of the thalamus,MBA:896,MBA
mtc,#CCCCCC,1214,MBA:86,middle thalamic commissure,MBA:896,MBA
tp,#CCCCCC,1215,MBA:365,thalamic peduncles,MBA:896,MBA
or,#CCCCCC,1216,MBA:484682520,optic radiation,MBA:896,MBA
ar,#CCCCCC,1217,MBA:484682524,auditory radiation,MBA:896,MBA
eps,#CCCCCC,1218,MBA:1000,extrapyramidal fiber systems,MBA:1009,MBA
epsc,#CCCCCC,1219,MBA:760,cerebral nuclei related,MBA:1000,MBA
pap,#CCCCCC,1220,MBA:142,pallidothalamic pathway,MBA:760,MBA
nst,#CCCCCC,1221,MBA:102,nigrostriatal tract,MBA:760,MBA
ntt,#CCCCCC,1222,MBA:109,nigrothalamic fibers,MBA:760,MBA
ptf,#CCCCCC,1223,MBA:134,pallidotegmental fascicle,MBA:760,MBA
snp,#CCCCCC,1224,MBA:309,striatonigral pathway,MBA:760,MBA
stf,#CCCCCC,1225,MBA:317,subthalamic fascicle,MBA:760,MBA
tsp,#CCCCCC,1226,MBA:877,tectospinal pathway,MBA:1000,MBA
tspd,#CCCCCC,1227,MBA:1051,direct tectospinal pathway,MBA:877,MBA
dtd,#CCCCCC,1228,MBA:1060,doral tegmental decussation,MBA:877,MBA
tspc,#CCCCCC,1229,MBA:1043,crossed tectospinal pathway,MBA:877,MBA
rust,#CCCCCC,1230,MBA:863,rubrospinal tract,MBA:1000,MBA
vtd,#CCCCCC,1231,MBA:397,ventral tegmental decussation,MBA:863,MBA
rrt,#CCCCCC,1232,MBA:221,rubroreticular tract,MBA:863,MBA
ctb,#CCCCCC,1233,MBA:736,central tegmental bundle,MBA:1000,MBA
rst,#CCCCCC,1234,MBA:855,retriculospinal tract,MBA:1000,MBA
rstl,#CCCCCC,1235,MBA:205,"retriculospinal tract, lateral part",MBA:855,MBA
rstm,#CCCCCC,1236,MBA:213,"retriculospinal tract, medial part",MBA:855,MBA
vsp,#CCCCCC,1237,MBA:941,vestibulospinal pathway,MBA:1000,MBA
mfbs,#CCCCCC,1238,MBA:991,medial forebrain bundle system,MBA:1009,MBA
mfbc,#CCCCCC,1239,MBA:768,cerebrum related,MBA:991,MBA
amc,#CCCCCC,1240,MBA:884,amygdalar capsule,MBA:768,MBA
apd,#CCCCCC,1241,MBA:892,ansa peduncularis,MBA:768,MBA
act,#CCCCCC,1242,MBA:908,"anterior commissure, temporal limb",MBA:768,MBA
cing,#CCCCCC,1243,MBA:940,cingulum bundle,MBA:768,MBA
fxs,#CCCCCC,1244,MBA:1099,fornix system,MBA:768,MBA
alv,#CCCCCC,1245,MBA:466,alveus,MBA:1099,MBA
df,#CCCCCC,1246,MBA:530,dorsal fornix,MBA:1099,MBA
fi,#CCCCCC,1247,MBA:603,fimbria,MBA:1099,MBA
fxprg,#CCCCCC,1248,MBA:745,"precommissural fornix, general",MBA:1099,MBA
db,#CCCCCC,1249,MBA:420,precommissural fornix diagonal band,MBA:745,MBA
fxpo,#CCCCCC,1250,MBA:737,postcommissural fornix,MBA:1099,MBA
mct,#CCCCCC,1251,MBA:428,medial corticohypothalamic tract,MBA:737,MBA
fx,#CCCCCC,1252,MBA:436,columns of the fornix,MBA:737,MBA
hc,#CCCCCC,1253,MBA:618,hippocampal commissures,MBA:1099,MBA
dhc,#CCCCCC,1254,MBA:443,dorsal hippocampal commissure,MBA:618,MBA
vhc,#CCCCCC,1255,MBA:449,ventral hippocampal commissure,MBA:618,MBA
per,#CCCCCC,1256,MBA:713,perforant path,MBA:1099,MBA
ab,#CCCCCC,1257,MBA:474,angular path,MBA:1099,MBA
lab,#CCCCCC,1258,MBA:37,longitudinal association bundle,MBA:768,MBA
st,#CCCCCC,1259,MBA:301,stria terminalis,MBA:768,MBA
stc,#CCCCCC,1260,MBA:484682528,commissural branch of stria terminalis,MBA:301,MBA
mfsbshy,#CCCCCC,1261,MBA:824,hypothalamus related,MBA:991,MBA
mfb,#CCCCCC,1262,MBA:54,medial forebrain bundle,MBA:824,MBA
vlt,#CCCCCC,1263,MBA:405,ventrolateral hypothalamic tract,MBA:824,MBA
poc,#CCCCCC,1264,MBA:174,preoptic commissure,MBA:824,MBA
sup,#CCCCCC,1265,MBA:349,supraoptic commissures,MBA:824,MBA
supa,#CCCCCC,1266,MBA:817,"supraoptic commissures, anterior",MBA:349,MBA
supd,#CCCCCC,1267,MBA:825,"supraoptic commissures, dorsal",MBA:349,MBA
supv,#CCCCCC,1268,MBA:833,"supraoptic commissures, ventral",MBA:349,MBA
pmx,#CCCCCC,1269,MBA:166,premammillary commissure,MBA:824,MBA
smd,#CCCCCC,1270,MBA:341,supramammillary decussation,MBA:824,MBA
php,#CCCCCC,1271,MBA:182,propriohypothalamic pathways,MBA:824,MBA
phpd,#CCCCCC,1272,MBA:762,"propriohypothalamic pathways, dorsal",MBA:182,MBA
phpl,#CCCCCC,1273,MBA:770,"propriohypothalamic pathways, lateral",MBA:182,MBA
phpm,#CCCCCC,1274,MBA:779,"propriohypothalamic pathways, medial",MBA:182,MBA
phpv,#CCCCCC,1275,MBA:787,"propriohypothalamic pathways, ventral",MBA:182,MBA
pvbh,#CCCCCC,1276,MBA:150,periventricular bundle of the hypothalamus,MBA:824,MBA
mfbsma,#CCCCCC,1277,MBA:46,mammillary related,MBA:824,MBA
pm,#CCCCCC,1278,MBA:753,principal mammillary tract,MBA:46,MBA
mtt,#CCCCCC,1279,MBA:690,mammillothalamic tract,MBA:46,MBA
mtg,#CCCCCC,1280,MBA:681,mammillotegmental tract,MBA:46,MBA
mp,#CCCCCC,1281,MBA:673,mammillary peduncle,MBA:46,MBA
mfbst,#CCCCCC,1282,MBA:1068,dorsal thalamus related,MBA:824,MBA
pvbt,#CCCCCC,1283,MBA:722,periventricular bundle of the thalamus,MBA:1068,MBA
mfbse,#CCCCCC,1284,MBA:1083,epithalamus related,MBA:824,MBA
sm,#CCCCCC,1285,MBA:802,stria medullaris,MBA:1083,MBA
fr,#CCCCCC,1286,MBA:595,fasciculus retroflexus,MBA:1083,MBA
hbc,#CCCCCC,1287,MBA:611,habenular commissure,MBA:1083,MBA
PIS,#CCCCCC,1288,MBA:730,pineal stalk,MBA:1083,MBA
mfbsm,#CCCCCC,1289,MBA:70,midbrain related,MBA:824,MBA
dlf,#CCCCCC,1290,MBA:547,dorsal longitudinal fascicle,MBA:70,MBA
dtt,#CCCCCC,1291,MBA:563,dorsal tegmental tract,MBA:70,MBA
VS,#AAAAAA,1292,MBA:73,ventricular systems,MBA:997,MBA
VL,#AAAAAA,1293,MBA:81,lateral ventricle,MBA:73,MBA
RC,#AAAAAA,1294,MBA:89,rhinocele,MBA:81,MBA
SEZ,#AAAAAA,1295,MBA:98,subependymal zone,MBA:81,MBA
chpl,#AAAAAA,1296,MBA:108,choroid plexus,MBA:81,MBA
chfl,#AAAAAA,1297,MBA:116,choroid fissure,MBA:81,MBA
IVF,#AAAAAA,1298,MBA:124,interventricular foramen,MBA:73,MBA
V3,#AAAAAA,1299,MBA:129,third ventricle,MBA:73,MBA
AQ,#AAAAAA,1300,MBA:140,cerebral aqueduct,MBA:73,MBA
V4,#AAAAAA,1301,MBA:145,fourth ventricle,MBA:73,MBA
V4r,#AAAAAA,1302,MBA:153,lateral recess,MBA:145,MBA
c,#AAAAAA,1303,MBA:164,"central canal, spinal cord/medulla",MBA:73,MBA
grv,#AAAAAA,1304,MBA:1024,grooves,MBA:997,MBA
grv of CTX,#AAAAAA,1305,MBA:1032,grooves of the cerebral cortex,MBA:1024,MBA
eg,#AAAAAA,1306,MBA:1055,endorhinal groove,MBA:1032,MBA
hf,#AAAAAA,1307,MBA:1063,hippocampal fissure,MBA:1032,MBA
rf,#AAAAAA,1308,MBA:1071,rhinal fissure,MBA:1032,MBA
ri,#AAAAAA,1309,MBA:1078,rhinal incisure,MBA:1032,MBA
grv of CBX,#AAAAAA,1310,MBA:1040,grooves of the cerebellar cortex,MBA:1024,MBA
pce,#AAAAAA,1311,MBA:1087,precentral fissure,MBA:1040,MBA
pcf,#AAAAAA,1312,MBA:1095,preculminate fissure,MBA:1040,MBA
pri,#AAAAAA,1313,MBA:1103,primary fissure,MBA:1040,MBA
psf,#AAAAAA,1314,MBA:1112,posterior superior fissure,MBA:1040,MBA
ppf,#AAAAAA,1315,MBA:1119,prepyramidal fissure,MBA:1040,MBA
sec,#AAAAAA,1316,MBA:3,secondary fissure,MBA:1040,MBA
plf,#AAAAAA,1317,MBA:11,posterolateral fissure,MBA:1040,MBA
nf,#AAAAAA,1318,MBA:18,nodular fissure,MBA:1040,MBA
sif,#AAAAAA,1319,MBA:25,simple fissure,MBA:1040,MBA
icf,#AAAAAA,1320,MBA:34,intercrural fissure,MBA:1040,MBA
apf,#AAAAAA,1321,MBA:43,ansoparamedian fissure,MBA:1040,MBA
ipf,#AAAAAA,1322,MBA:49,intraparafloccular fissure,MBA:1040,MBA
pms,#AAAAAA,1323,MBA:57,paramedian sulcus,MBA:1040,MBA
pfs,#AAAAAA,1324,MBA:65,parafloccular sulcus,MBA:1040,MBA
IPF,#AAAAAA,1325,MBA:624,Interpeduncular fossa,MBA:1024,MBA
retina,#7F2E7E,1326,MBA:304325711,retina,MBA:997,MBA
