Lane,SampleID,Index,# Reads,# Perfect Index Reads,# One Mismatch Index Reads,# of >= Q30 Bases (PF),Mean Quality Score (PF)
1,Library_Aliquot_Local_ID1,CCGGAGGAAG-AACATCCGCA,59124101,57673172,1450929,7829218270,42.08
1,Library_Aliquot_Local_ID2,ACTTTACGTG-AGGGCGTTCA,364912005,344810979,20101026,48841232450,42.31
2,Library_Aliquot_Local_ID1,CCGGAGGAAG-AACATCCGCA,63578414,60316949,3261465,8404393999,42.03
2,Library_Aliquot_Local_ID2,ACTTTACGTG-AGGGCGTTCA,390345747,357773455,32572292,52123146229,42.25
3,Library_Aliquot_Local_ID1,CCGGAGGAAG-AACATCCGCA,65173347,61511605,3661742,8600577880,41.98
3,Library_Aliquot_Local_ID2,ACTTTACGTG-AGGGCGTTCA,398295565,361299646,36995919,53091578948,42.19
4,Library_Aliquot_Local_ID1,CCGGAGGAAG-AACATCCGCA,65588259,63358511,2229748,8674385955,42.04
4,Library_Aliquot_Local_ID2,ACTTTACGTG-AGGGCGTTCA,403695293,373247064,30448229,53940927327,42.27
5,Library_Aliquot_Local_ID1,CCGGAGGAAG-AACATCCGCA,63678073,61542668,2135405,8430140405,42.07
5,Library_Aliquot_Local_ID2,ACTTTACGTG-AGGGCGTTCA,392578632,361299932,31278700,52499458946,42.29
5,Library_Aliquot_Local_ID1,GATAACCTGC-GTTTCTAATG,249228189,241678638,7549551,33416730066,42.35
5,Library_Aliquot_Local_ID2,CTTGCATAAA-AAGCCCTGAT,292086485,278622963,13463522,39052261156,42.28
6,Library_Aliquot_Local_ID1,CCGGAGGAAG-AACATCCGCA,66866746,64373743,2493003,8853568126,42.06
6,Library_Aliquot_Local_ID2,ACTTTACGTG-AGGGCGTTCA,414399835,383686751,30713084,55351848141,42.26
7,Library_Aliquot_Local_ID1,CCGGAGGAAG-AACATCCGCA,65806000,64202200,1603800,8710131025,42.06
7,Library_Aliquot_Local_ID2,ACTTTACGTG-AGGGCGTTCA,406818282,384653752,22164530,54338342540,42.26
8,Library_Aliquot_Local_ID1,CCGGAGGAAG-AACATCCGCA,62233520,60650837,1582683,8218821271,42
8,Library_Aliquot_Local_ID2,ACTTTACGTG-AGGGCGTTCA,393266333,374502514,18763819,52440601979,42.21
,,,,,,,
[Top Unknown Barcodes],,,,,,,
Lane,index,index2,# Reads,,,,
1,CTTGCATAAA,GGGGGGGGGG,6896003,,,,
1,ACTTTACGTG,GGGGGGGGGG,6886217,,,,
1,ACTTACGTGA,AGGGCGTTCA,1937146,,,,
1,GGGGGGGGGG,AGGGCGTTCA,1681325,,,,
1,GGGGGGGGGG,GTTTCTAATG,1513453,,,,
1,GGGGGGGGGG,AAGCCCTGAT,1342932,,,,
1,ACTTTACGTG,AAGCCCTGAT,946137,,,,
1,CTTGCATAAA,AGGGCGTTCA,887757,,,,
1,CTGCATAAAA,AAGCCCTGAT,806132,,,,
1,ACTTTACGTG,GTTTCTAATG,784610,,,,
1,GATAACCTGC,AGGGCGTTCA,727669,,,,
1,TTGCATAAAA,AAGCCCTGAT,589109,,,,
1,GATAACCTGC,AAGCCCTGAT,561836,,,,
1,CTTGCATAAA,GTTTCTAATG,557097,,,,
1,GATAACCTGC,GGGGGGGGGG,555095,,,,
1,GGGGGGGGGG,AGGTAACACT,482768,,,,
1,ACTTTACTGA,AGGGCGTTCA,476989,,,,
1,GTGGATCAAA,AGGGCGTTCA,448036,,,,
1,GATAACCTGC,GTTCTAATGG,443560,,,,
1,GTGGATCAAA,AAGCCCTGAT,430557,,,,
1,GTGGATCAAA,AAGGGTTGGA,424118,,,,
1,GTAACATGCG,AGGGCGTTCA,371234,,,,
1,GTAACATGCG,GGGGGGGGGG,355405,,,,
1,ATTTACGTGA,AGGGCGTTCA,339350,,,,
1,ACTTTCGTGA,AGGGCGTTCA,326309,,,,
1,CTTCATAAAA,AAGCCCTGAT,320691,,,,
1,GTGGATCAAA,GTTTCTAATG,314265,,,,
1,CTTTACGTGA,AGGGCGTTCA,303398,,,,
1,ACTTTAGTGA,AGGGCGTTCA,302176,,,,
1,ATAACCTGCA,GTTTCTAATG,296134,,,,
1,ACTTTAAGTG,GGGGGGGGGG,293984,,,,
1,TTTACGTGAT,AGGGCGTTCA,289087,,,,
1,GTAACATGCG,AAGCCCTGAT,285963,,,,
1,CGGAGGAAGA,AACATCCGCA,279141,,,,
1,ACTTTACGGA,AGGGCGTTCA,270153,,,,
1,GATAACTGCA,GTTTCTAATG,268702,,,,
1,GTAACATGCG,GTTTCTAATG,268108,,,,
1,GATACCTGCA,GTTTCTAATG,266670,,,,
1,CTTGATAAAA,AAGCCCTGAT,231919,,,,
1,ACNTTACGTG,NGNGCGTTCA,223303,,,,
1,CCGAGGAAGA,AACATCCGCA,221914,,,,
1,GGGGGGGGGG,AACATCCGCA,221208,,,,
1,GATAACCTCA,GTTTCTAATG,221203,,,,
1,ACTTTACGTG,GGGGGGGGAG,206716,,,,
1,ACTTTACGTG,AACATCCGCA,201766,,,,
1,ACTTTACGTG,AGGCGTTCAG,197620,,,,
1,GATAACCGCA,GTTTCTAATG,195896,,,,
1,CTTGCTAAAA,AAGCCCTGAT,183623,,,,
1,ACTTTACGTG,AGGTAACACT,176894,,,,
1,GTGGATCAAA,GGGGGGGGGG,174436,,,,
1,CCTTCACACA,AAGCCCTTCC,174096,,,,
1,GGGGGGGGGG,AAGGGTTGGC,172984,,,,
1,CTNGCATAAA,NANCCCTGAT,160501,,,,
1,ACTCCCCTTC,ATTTCTCCCA,155382,,,,
1,GAAACCTGCA,GTTTCTAATG,155090,,,,
1,ACTTTACGTG,AGGGCGTGAA,154769,,,,
1,CCGGAGGAAG,AGGGCGTTCA,153700,,,,
1,CTTGCATAAA,AACATCCGCA,145174,,,,
1,GTGGATCAAA,AAGGGTTGGT,142778,,,,
1,GATAACCTGC,GTCTAATGGT,141253,,,,
1,CTTGCATAAA,GGGGGGTGGG,140715,,,,
1,ACTTTTAAGT,AGGGCGTTCA,137923,,,,
1,CTTGAATAAA,GGGGGGGGGG,136302,,,,
1,GANAACCTGC,NTNTCTAATG,135038,,,,
1,CCGGAGGAAG,AAGCCCTGAT,126470,,,,
1,CTTGCATAAA,AGGTAACACT,120308,,,,
1,ACTTTACGTG,AAGGGTTGGC,119152,,,,
1,CTTGCATAAA,AAGCCTGATG,118147,,,,
1,GTAACCTGCA,GTTTCTAATG,115945,,,,
1,GATAACCTGC,AGGTAACACT,114669,,,,
1,GATAACCTGC,AACATCCGCA,109593,,,,
1,ACTTTACGTG,AGGGCGTCAG,108988,,,,
1,GATAACCTGC,GTTTCTATGG,108127,,,,
1,GGGGGGNGGG,AGGGCGTTCA,105780,,,,
1,CCTACCCCAC,ACTCCCCACT,104801,,,,
1,GATAACCTGC,GTTTCAATGG,102336,,,,
1,ACTTTACGTG,AGGGCGTTAG,101247,,,,
1,CTTGCATAAA,AGCCCTGATG,100917,,,,
1,CTGAATAAAA,AAGCCCTGAT,100739,,,,
1,CCGGAGGAAG,GTTTCTAATG,100698,,,,
1,CCGGAGGAAG,GGGGGGGGGG,98801,,,,
1,GATAACCTGC,AAGGGTTGGC,97582,,,,
1,TTTAAGTGAT,AGGGCGTTCA,97118,,,,
1,CGGGGGGGGG,AAGCCCTGAT,90948,,,,
1,CCCCCCCCCC,ACCCCCCCCC,86202,,,,
1,CTTGCATAAA,AGGGCGTGAG,84286,,,,
1,CTTAATAAAA,AAGCCCTGAT,83035,,,,
1,GATAACCTGC,GTTTTAATGG,82611,,,,
1,GGGGGGNGGG,AAGCCCTGAT,79623,,,,
1,CTTGCATAAA,GGGGCGTGGG,78853,,,,
1,ACTTTACGTG,GGGCGTTCAG,77024,,,,
1,GTGGATCAAA,AACATCCGCA,76922,,,,
1,CTTGCATAAA,AAGCCCCTGA,76818,,,,
1,CTTTGCATAA,AAGCCCTGAT,74665,,,,
1,CTTGCATAAA,AAGCCCTATG,73101,,,,
1,CCGGAGAAGA,AACATCCGCA,72636,,,,
1,CTTGCATAAA,AAGGGTTGGC,71722,,,,
1,GTGGATCAAA,AGGTAACACT,70389,,,,
1,GGGGGGGGGG,GGGGGGGGGG,67916,,,,
1,GGGGGGNGGG,GTTTCTAATG,67276,,,,
2,CTTGCATAAA,GGGGGGGGGG,6705773,,,,
2,ACTTTACGTG,GGGGGGGGGG,6576754,,,,
2,ACTTACGTGA,AGGGCGTTCA,2008903,,,,
2,GGGGGGGGGG,GTTTCTAATG,1190912,,,,
2,GGGGGGGGGG,AGGGCGTTCA,1145894,,,,
2,ACTTTACGTG,AAGCCCTGAT,985570,,,,
2,ACTTTACGTG,NGNGCGTTCA,946535,,,,
2,GGGGGGGGGG,AAGCCCTGAT,938870,,,,
2,CTTGCATAAA,AGGGCGTTCA,927739,,,,
2,CTGCATAAAA,AAGCCCTGAT,842844,,,,
2,ACTTTACGTG,GTTTCTAATG,815358,,,,
2,GATAACCTGC,AGGGCGTTCA,756201,,,,
2,CTTGCATAAA,NANCCCTGAT,699374,,,,
2,TTGCATAAAA,AAGCCCTGAT,613507,,,,
2,GATAACCTGC,NTNTCTAATG,593443,,,,
2,GATAACCTGC,AAGCCCTGAT,582691,,,,
2,CTTGCATAAA,GTTTCTAATG,579032,,,,
2,GATAACCTGC,GGGGGGGGGG,560107,,,,
2,ACTTTACTGA,AGGGCGTTCA,496524,,,,
2,GATAACCTGC,GTTCTAATGG,462194,,,,
2,GTGGATCAAA,AGGGCGTTCA,461424,,,,
2,GTGGATCAAA,AAGGGTTGGA,460217,,,,
2,GTGGATCAAA,AAGCCCTGAT,451068,,,,
2,ACTTTAAGTG,GGGGGGGGGG,439125,,,,
2,GGGGGGGGGG,AGGTAACACT,411018,,,,
2,GTAACATGCG,AGGGCGTTCA,384210,,,,
2,ATTTACGTGA,AGGGCGTTCA,353539,,,,
2,GTAACATGCG,GGGGGGGGGG,352358,,,,
2,ACTTTCGTGA,AGGGCGTTCA,338646,,,,
2,CTTCATAAAA,AAGCCCTGAT,335393,,,,
2,GTGGATCAAA,GTTTCTAATG,326650,,,,
2,ACTTTAGTGA,AGGGCGTTCA,318045,,,,
2,CTTTACGTGA,AGGGCGTTCA,314223,,,,
2,ATAACCTGCA,GTTTCTAATG,307547,,,,
2,TTTACGTGAT,AGGGCGTTCA,297418,,,,
2,GTAACATGCG,AAGCCCTGAT,296211,,,,
2,CGGAGGAAGA,AACATCCGCA,293010,,,,
2,ACTTTACGGA,AGGGCGTTCA,280413,,,,
2,GTAACATGCG,GTTTCTAATG,280165,,,,
2,GATAACTGCA,GTTTCTAATG,280078,,,,
2,GATACCTGCA,GTTTCTAATG,277126,,,,
2,CTTGATAAAA,AAGCCCTGAT,242128,,,,
2,CCGAGGAAGA,AACATCCGCA,231254,,,,
2,GATAACCTCA,GTTTCTAATG,230538,,,,
2,ACTTTACGTG,GGGGGGGGAG,216392,,,,
2,ACTTTACGTG,AACATCCGCA,210559,,,,
2,ACTTTACGTG,AGGCGTTCAG,204820,,,,
2,GATAACCGCA,GTTTCTAATG,203586,,,,
2,CTTGCTAAAA,AAGCCCTGAT,192059,,,,
2,CTTGCATAAA,NGGGGGGGGG,191299,,,,
2,ACTTTACGTG,NGGGGGGGGG,184176,,,,
2,ACTTTACGTG,AGGTAACACT,182911,,,,
2,GTGGATCAAA,GGGGGGGGGG,175542,,,,
2,GTGGATCAAA,AAGGGTTGGT,170403,,,,
2,CCTTCACACA,AAGCCCTTCC,170392,,,,
2,CTTGAATAAA,GGGGGGGGGG,164024,,,,
2,GAAACCTGCA,GTTTCTAATG,160431,,,,
2,CCGGAGGAAG,AGGGCGTTCA,159085,,,,
2,GGGGGGGGGG,AAGGGTTGGC,155954,,,,
2,ACTCCCCTTC,ATTTCTCCCA,154589,,,,
2,CCGGAGGAAG,NANATCCGCA,151463,,,,
2,CTTGCATAAA,AACATCCGCA,150138,,,,
2,GATAACCTGC,GTCTAATGGT,148063,,,,
2,ACTTTACGTG,AGGGCGTGAA,145074,,,,
2,ACTTTTAAGT,AGGGCGTTCA,144778,,,,
2,CTTGCATAAA,GGGGGGTGGG,137897,,,,
2,CCCCCCCCCC,ACCCCCCCCC,133333,,,,
2,CCGGAGGAAG,AAGCCCTGAT,132097,,,,
2,GGGGGGGGGG,AACATCCGCA,130998,,,,
2,CTTGCATAAA,AGGTAACACT,125666,,,,
2,CTTGCATAAA,AAGCCTGATG,122921,,,,
2,ACTTTACGTG,AAGGGTTGGC,121163,,,,
2,GTAACCTGCA,GTTTCTAATG,121080,,,,
2,GATAACCTGC,AGGTAACACT,120283,,,,
2,GTAACATGCG,NGNTAACACT,116196,,,,
2,GATAACCTGC,AACATCCGCA,114305,,,,
2,ACTTTACGTG,AGGGCGTCAG,114237,,,,
2,GATAACCTGC,GTTTCTATGG,111756,,,,
2,GATAACCTGC,GTTTCAATGG,106573,,,,
2,CTTGCATAAA,AGCCCTGATG,106167,,,,
2,CCGGAGGAAG,GTTTCTAATG,105528,,,,
2,ACTTTACGTG,AGGGCGTTAG,104269,,,,
2,CCTACCCCAC,ACTCCCCACT,103888,,,,
2,CCGGAGGAAG,GGGGGGGGGG,99587,,,,
2,GATAACCTGC,AAGGGTTGGC,98118,,,,
2,CTGAATAAAA,AAGCCCTGAT,97164,,,,
2,CGGGGGGGGG,AAGCCCTGAT,90859,,,,
2,TTTAAGTGAT,AGGGCGTTCA,90644,,,,
2,GATAACCTGC,GTTTTAATGG,85646,,,,
2,CTTAATAAAA,AAGCCCTGAT,82755,,,,
2,CTTGCATAAA,AGGGCGTGAG,82040,,,,
2,ACTTTACGTG,GGGCGTTCAG,80298,,,,
2,GTGGATCAAA,AACATCCGCA,79758,,,,
2,CTTGCATAAA,AAGCCCCTGA,78294,,,,
2,CTTTGCATAA,AAGCCCTGAT,78012,,,,
2,CCGGAGAAGA,AACATCCGCA,76290,,,,
2,CTTGCATAAA,AAGCCCTATG,75998,,,,
2,CTTGCATAAA,AAGGGTTGGC,74066,,,,
2,CTTGCATAAA,GGGGCGTGGG,73027,,,,
2,GTGGATCAAA,AGGTAACACT,72687,,,,
3,ACTTTACGTG,GGGGGGGGGG,7480213,,,,
3,CTTGCATAAA,GGGGGGGGGG,7100126,,,,
3,ACTTACGTGA,AGGGCGTTCA,2040350,,,,
3,GGGGGGGGGG,GTTTCTAATG,1226524,,,,
3,GGGGGGGGGG,AGGGCGTTCA,1174749,,,,
3,ACTTTACGTG,AAGCCCTGAT,994283,,,,
3,GGGGGGGGGG,AAGCCCTGAT,945240,,,,
3,CTTGCATAAA,AGGGCGTTCA,933958,,,,
3,CTGCATAAAA,AAGCCCTGAT,857918,,,,
3,ACTTTACGTG,GTTTCTAATG,823244,,,,
3,GATAACCTGC,AGGGCGTTCA,775915,,,,
3,GATAACCTGC,GGGGGGGGGG,638827,,,,
3,TTGCATAAAA,AAGCCCTGAT,627149,,,,
3,GATAACCTGC,AAGCCCTGAT,599135,,,,
3,CTTGCATAAA,GTTTCTAATG,587242,,,,
3,ACTTTACTGA,AGGGCGTTCA,501768,,,,
3,GATAACCTGC,GTTCTAATGG,471434,,,,
3,GTGGATCAAA,AAGGGTTGGA,467599,,,,
3,GTGGATCAAA,AGGGCGTTCA,467028,,,,
3,GTGGATCAAA,AAGCCCTGAT,458281,,,,
3,ACNTTACGTG,NGNGCGTTCA,430199,,,,
3,GGGGGGGGGG,AGGTAACACT,420266,,,,
3,GTAACATGCG,AGGGCGTTCA,385859,,,,
3,GTAACATGCG,GGGGGGGGGG,373104,,,,
3,ACTTTAAGTG,GGGGGGGGGG,364268,,,,
3,ATTTACGTGA,AGGGCGTTCA,358040,,,,
3,CTTCATAAAA,AAGCCCTGAT,345160,,,,
3,ACTTTCGTGA,AGGGCGTTCA,344182,,,,
3,GTGGATCAAA,GTTTCTAATG,332574,,,,
3,CTNGCATAAA,NANCCCTGAT,329093,,,,
3,ACTTTAGTGA,AGGGCGTTCA,324649,,,,
3,CTTTACGTGA,AGGGCGTTCA,315975,,,,
3,ATAACCTGCA,GTTTCTAATG,311893,,,,
3,CGGAGGAAGA,AACATCCGCA,297939,,,,
3,GTAACATGCG,AAGCCCTGAT,297747,,,,
3,GATAACTGCA,GTTTCTAATG,289704,,,,
3,GTAACATGCG,GTTTCTAATG,284235,,,,
3,ACTTTACGGA,AGGGCGTTCA,283563,,,,
3,GANAACCTGC,NTNTCTAATG,282301,,,,
3,GATACCTGCA,GTTTCTAATG,280418,,,,
3,TTTACGTGAT,AGGGCGTTCA,273771,,,,
3,CTTGCATAAA,NGGGGGGGGG,248568,,,,
3,CTTGATAAAA,AAGCCCTGAT,248135,,,,
3,ACTTTACGTG,GGGGGGGGAG,243298,,,,
3,ACTTTACGTG,NGGGGGGGGG,236857,,,,
3,CCGAGGAAGA,AACATCCGCA,236196,,,,
3,GATAACCTCA,GTTTCTAATG,233550,,,,
3,ACTTTACGTG,AACATCCGCA,212018,,,,
3,ACTTTACGTG,AGGCGTTCAG,207618,,,,
3,GATAACCGCA,GTTTCTAATG,206347,,,,
3,CTTGAATAAA,GGGGGGGGGG,203212,,,,
3,CTTGCTAAAA,AAGCCCTGAT,192467,,,,
3,GTGGATCAAA,GGGGGGGGGG,188637,,,,
3,ACTTTACGTG,AGGTAACACT,187313,,,,
3,GTGGATCAAA,AAGGGTTGGT,182165,,,,
3,CCCCCCCCCC,ACCCCCCCCC,168730,,,,
3,GAAACCTGCA,GTTTCTAATG,162922,,,,
3,CCGGAGGAAG,AGGGCGTTCA,162889,,,,
3,GGGGGGGGGG,AAGGGTTGGC,158949,,,,
3,CCTTCACACA,AAGCCCTTCC,158493,,,,
3,ACTTTACGTG,AGGGCGTGAA,156197,,,,
3,CTTGCATAAA,AACATCCGCA,153676,,,,
3,GATAACCTGC,GTCTAATGGT,152607,,,,
3,ACTTTTAAGT,AGGGCGTTCA,145615,,,,
3,ACTCCCCTTC,ATTTCTCCCA,144985,,,,
3,CCGGAGGAAG,AAGCCCTGAT,135437,,,,
3,GGGGGGGGGG,AACATCCGCA,131928,,,,
3,CTTGCATAAA,GGGGGGTGGG,130588,,,,
3,ACTTTACGTG,AAGGGTTGGC,127843,,,,
3,CTTGCATAAA,AGGTAACACT,127254,,,,
3,GATAACCTGC,AGGTAACACT,124490,,,,
3,CTTGCATAAA,AAGCCTGATG,123754,,,,
3,GTAACCTGCA,GTTTCTAATG,121892,,,,
3,ACTTTACGTG,AGGGCGTCAG,117606,,,,
3,GATAACCTGC,AACATCCGCA,117016,,,,
3,GATAACCTGC,GTTTCTATGG,113605,,,,
3,CCGGAGGAAG,GGGGGGGGGG,113601,,,,
3,GATAACCTGC,GTTTCAATGG,109387,,,,
3,CGGGGGGGGG,AAGCCCTGAT,108608,,,,
3,ACTTTACGTG,AGGGCGTTAG,108161,,,,
3,CCGGAGGAAG,GTTTCTAATG,107957,,,,
3,CTTGCATAAA,AGCCCTGATG,106184,,,,
3,GATAACCTGC,AAGGGTTGGC,103828,,,,
3,CTGAATAAAA,AAGCCCTGAT,98763,,,,
3,CCTACCCCAC,ACTCCCCACT,98625,,,,
3,TTTAAGTGAT,AGGGCGTTCA,96203,,,,
3,GATAACCTGC,GTTTTAATGG,86742,,,,
3,CTTAATAAAA,AAGCCCTGAT,82313,,,,
3,GTGGATCAAA,AACATCCGCA,81528,,,,
3,ACTTTACGTG,GGGCGTTCAG,81208,,,,
3,CTTGCATAAA,AGGGCGTGAG,80660,,,,
3,CTTTGCATAA,AAGCCCTGAT,79087,,,,
3,CTTGCATAAA,AAGCCCCTGA,78776,,,,
3,CTTGCATAAA,AAGGGTTGGC,77532,,,,
3,CCGGAGAAGA,AACATCCGCA,76895,,,,
3,CTTGCATAAA,AAGCCCTATG,76627,,,,
3,CTTGCATAAA,GGGGCGTGGG,75214,,,,
3,ACTTACGTGA,NGGGCGTTCA,73870,,,,
3,GTGGATCAAA,AGGTAACACT,73347,,,,
3,CCNGAGGAAG,NANATCCGCA,72462,,,,
4,CTTGCATAAA,GGGGGGGGGG,6344640,,,,
4,ACTTTACGTG,GGGGGGGGGG,5762400,,,,
4,ACTTACGTGA,AGGGCGTTCA,2108344,,,,
4,GGGGGGGGGG,AGGGCGTTCA,1477850,,,,
4,GGGGGGGGGG,GTTTCTAATG,1427433,,,,
4,GGGGGGGGGG,AAGCCCTGAT,1198758,,,,
4,ACTTTACGTG,AAGCCCTGAT,993393,,,,
4,CTTGCATAAA,AGGGCGTTCA,942868,,,,
4,CTGCATAAAA,AAGCCCTGAT,893435,,,,
4,ACTTTACGTG,GTTTCTAATG,822713,,,,
4,GATAACCTGC,AGGGCGTTCA,764853,,,,
4,TTGCATAAAA,AAGCCCTGAT,649713,,,,
4,CTTGCATAAA,GTTTCTAATG,593345,,,,
4,GATAACCTGC,AAGCCCTGAT,591251,,,,
4,ACTTTAAGTG,GGGGGGGGGG,539975,,,,
4,ACTTTACTGA,AGGGCGTTCA,519898,,,,
4,GATAACCTGC,GGGGGGGGGG,503836,,,,
4,GTGGATCAAA,AAGGGTTGGA,503600,,,,
4,GATAACCTGC,GTTCTAATGG,488035,,,,
4,GGGGGGGGGG,AGGTAACACT,470808,,,,
4,GTGGATCAAA,AGGGCGTTCA,454882,,,,
4,GTGGATCAAA,AAGCCCTGAT,450685,,,,
4,GTAACATGCG,AGGGCGTTCA,386618,,,,
4,ATTTACGTGA,AGGGCGTTCA,370881,,,,
4,ACTTTCGTGA,AGGGCGTTCA,356458,,,,
4,CTTCATAAAA,AAGCCCTGAT,355216,,,,
4,GTAACATGCG,GGGGGGGGGG,339917,,,,
4,ACTTTAGTGA,AGGGCGTTCA,335825,,,,
4,CTTTACGTGA,AGGGCGTTCA,330322,,,,
4,ATAACCTGCA,GTTTCTAATG,329654,,,,
4,GTGGATCAAA,GTTTCTAATG,328814,,,,
4,CGGAGGAAGA,AACATCCGCA,306323,,,,
4,GTAACATGCG,AAGCCCTGAT,297121,,,,
4,ACTTTACGGA,AGGGCGTTCA,294177,,,,
4,GATACCTGCA,GTTTCTAATG,293758,,,,
4,GATAACTGCA,GTTTCTAATG,291966,,,,
4,GTAACATGCG,GTTTCTAATG,284521,,,,
4,TTTACGTGAT,AGGGCGTTCA,260717,,,,
4,CTTGATAAAA,AAGCCCTGAT,253047,,,,
4,CCGAGGAAGA,AACATCCGCA,242298,,,,
4,GATAACCTCA,GTTTCTAATG,241347,,,,
4,GATAACCGCA,GTTTCTAATG,213249,,,,
4,ACTTTACGTG,AGGCGTTCAG,212593,,,,
4,ACTTTACGTG,AACATCCGCA,211214,,,,
4,CTTGCTAAAA,AAGCCCTGAT,204724,,,,
4,ACTTTACGTG,GGGGGGGGAG,189384,,,,
4,GTGGATCAAA,AAGGGTTGGT,188205,,,,
4,GGGGGGGGGG,AACATCCGCA,184938,,,,
4,ACTTTACGTG,AGGTAACACT,184470,,,,
4,GGGGGGGGGG,AAGGGTTGGC,175918,,,,
4,GAAACCTGCA,GTTTCTAATG,171961,,,,
4,GTGGATCAAA,GGGGGGGGGG,168203,,,,
4,CCGGAGGAAG,AGGGCGTTCA,160249,,,,
4,CTTGCATAAA,AACATCCGCA,153175,,,,
4,CCTTCACACA,AAGCCCTTCC,152162,,,,
4,GATAACCTGC,GTCTAATGGT,150751,,,,
4,ACTTTTAAGT,AGGGCGTTCA,148836,,,,
4,ACTCCCCTTC,ATTTCTCCCA,138300,,,,
4,CCGGAGGAAG,AAGCCCTGAT,133852,,,,
4,CTTGCATAAA,AAGCCTGATG,130289,,,,
4,GTAACCTGCA,GTTTCTAATG,127874,,,,
4,CTTGCATAAA,AGGTAACACT,127822,,,,
4,ACTTTACGTG,AGGGCGTGAA,126986,,,,
4,ACTTTACGTG,AAGGGTTGGC,123795,,,,
4,GATAACCTGC,AGGTAACACT,121870,,,,
4,ACTTTACGTG,AGGGCGTCAG,119266,,,,
4,GATAACCTGC,GTTTCTATGG,118733,,,,
4,GATAACCTGC,AACATCCGCA,114096,,,,
4,GATAACCTGC,GTTTCAATGG,113028,,,,
4,CTTGCATAAA,AGCCCTGATG,112597,,,,
4,CTTGCATAAA,GGGGGGTGGG,109368,,,,
4,CCGGAGGAAG,GTTTCTAATG,105607,,,,
4,ACTTTACGTG,AGGGCGTTAG,105486,,,,
4,GATAACCTGC,AAGGGTTGGC,100405,,,,
4,CTGAATAAAA,AAGCCCTGAT,100200,,,,
4,CCTACCCCAC,ACTCCCCACT,93393,,,,
4,CCGGAGGAAG,GGGGGGGGGG,91288,,,,
4,CGGGGGGGGG,AAGCCCTGAT,90964,,,,
4,GATAACCTGC,GTTTTAATGG,90536,,,,
4,CTTAATAAAA,AAGCCCTGAT,90238,,,,
4,CTTGAATAAA,GGGGGGGGGG,89451,,,,
4,TTTAAGTGAT,AGGGCGTTCA,89342,,,,
4,CTTGCATAAA,NGGGGGGGGG,85207,,,,
4,ACTTTACGTG,GGGCGTTCAG,83701,,,,
4,ACTTTACGTG,NGGGGGGGGG,82709,,,,
4,CTTGCATAAA,AAGCCCCTGA,82349,,,,
4,CTTTGCATAA,AAGCCCTGAT,81893,,,,
4,CTTGCATAAA,AAGCCCTATG,80935,,,,
4,CCGGAGAAGA,AACATCCGCA,79253,,,,
4,GTGGATCAAA,AACATCCGCA,78928,,,,
4,CTTGCATAAA,AAGGGTTGGC,75993,,,,
4,CCCCCCCCCC,ACCCCCCCCC,74373,,,,
4,CTTGCATAAA,AGGGCGTGAG,73926,,,,
4,GATAACCTGC,GTCTCATGGT,72946,,,,
4,GTGGATCAAA,AGGTAACACT,72185,,,,
4,ACTTTACGTG,AGGGCGTTTC,68848,,,,
4,CTTGCATAAA,GGGGCGTGGG,67711,,,,
4,ACTTTACGTG,AGGGGGGGGG,64184,,,,
4,TTGAATAAAA,AAGCCCTGAT,62341,,,,
4,CCTTGCATAA,AAGCCCTGAT,61848,,,,
5,CTTGCATAAA,GGGGGGGGGG,6178595,,,,
5,ACTTTACGTG,GGGGGGGGGG,5902818,,,,
5,ACTTACGTGA,AGGGCGTTCA,2056054,,,,
5,GGGGGGGGGG,GTTTCTAATG,1211045,,,,
5,GGGGGGGGGG,AGGGCGTTCA,1150869,,,,
5,ACTTTACGTG,AAGCCCTGAT,977598,,,,
5,GGGGGGGGGG,AAGCCCTGAT,950340,,,,
5,CTTGCATAAA,AGGGCGTTCA,922159,,,,
5,CTGCATAAAA,AAGCCCTGAT,862404,,,,
5,ACTTTACGTG,GTTTCTAATG,806333,,,,
5,GATAACCTGC,AGGGCGTTCA,758438,,,,
5,ACTTTACNNG,AGGGCGTTCA,688974,,,,
5,TTGCATAAAA,AAGCCCTGAT,627390,,,,
5,GATAACCTGC,AAGCCCTGAT,585293,,,,
5,CTTGCATAAA,GTTTCTAATG,575879,,,,
5,CTTGCATNNA,AAGCCCTGAT,519171,,,,
5,GATAACCTGC,GGGGGGGGGG,510864,,,,
5,ACTTTACTGA,AGGGCGTTCA,499521,,,,
5,GATAACCTGC,GTTCTAATGG,473514,,,,
5,GTGGATCAAA,AGGGCGTTCA,453737,,,,
5,GTGGATCAAA,AAGGGTTGGA,450472,,,,
5,GATAACCNNC,GTTTCTAATG,447503,,,,
5,GTGGATCAAA,AAGCCCTGAT,443875,,,,
5,GGGGGGGGGG,AGGTAACACT,421352,,,,
5,GTAACATGCG,AGGGCGTTCA,381331,,,,
5,NNNNTNCGNG,AGGGCGTTCA,376740,,,,
5,ACNNTNNNNG,AGGGCGTTCA,372590,,,,
5,ATTTACGTGA,AGGGCGTTCA,361475,,,,
5,ACTTTAAGTG,GGGGGGGGGG,355066,,,,
5,ACTTTCGTGA,AGGGCGTTCA,346798,,,,
5,CTTCATAAAA,AAGCCCTGAT,341190,,,,
5,GTAACATGCG,GGGGGGGGGG,327483,,,,
5,ACTTTAGTGA,AGGGCGTTCA,324730,,,,
5,GTGGATCAAA,GTTTCTAATG,322715,,,,
5,CTTTACGTGA,AGGGCGTTCA,321582,,,,
5,ATAACCTGCA,GTTTCTAATG,312822,,,,
5,CGGAGGAAGA,AACATCCGCA,297002,,,,
5,GTAACATGCG,AAGCCCTGAT,294142,,,,
5,CTNNCNNNNA,AAGCCCTGAT,292424,,,,
5,NNNNCNTANA,AAGCCCTGAT,289550,,,,
5,ACTTTACGGA,AGGGCGTTCA,286233,,,,
5,GATAACTGCA,GTTTCTAATG,285369,,,,
5,GATACCTGCA,GTTTCTAATG,284957,,,,
5,GTAACATGCG,GTTTCTAATG,278774,,,,
5,TTTACGTGAT,AGGGCGTTCA,278335,,,,
5,CTTGATAAAA,AAGCCCTGAT,247756,,,,
5,NNNNANCTNC,GTTTCTAATG,243612,,,,
5,ACNNTNNNTG,AGGGCGTTCA,241492,,,,
5,GANNANNNNC,GTTTCTAATG,238109,,,,
5,NNNNTACGNG,AGGGCGTTCA,238085,,,,
5,CCGAGGAAGA,AACATCCGCA,234987,,,,
5,ACNNNNNNNG,AGGGCGTTCA,233058,,,,
5,GATAACCTCA,GTTTCTAATG,230702,,,,
5,ACTTTNNNNG,AGGGCGTTCA,225959,,,,
5,ACTTTANNNG,AGGGCGTTCA,225549,,,,
5,ACTTTACGTG,AGGCGTTCAG,208547,,,,
5,ACTTTACGTG,AACATCCGCA,207477,,,,
5,GATAACCGCA,GTTTCTAATG,206577,,,,
5,CTTGCTAAAA,AAGCCCTGAT,196296,,,,
5,ACTTTACGTG,AGGTAACACT,185570,,,,
5,GTGGATCAAA,AAGGGTTGGT,170561,,,,
5,CTNNNNNNNA,AAGCCCTGAT,170234,,,,
5,NNNNCATANA,AAGCCCTGAT,168626,,,,
5,CTNNCNNNAA,AAGCCCTGAT,168144,,,,
5,ACTTTACGTG,GGGGGGGGAG,166496,,,,
5,GTGGATCAAA,GGGGGGGGGG,166029,,,,
5,GAAACCTGCA,GTTTCTAATG,164345,,,,
5,CTTGCANNNA,AAGCCCTGAT,163830,,,,
5,CTTGCNNNNA,AAGCCCTGAT,162681,,,,
5,GANNANNNGC,GTTTCTAATG,161134,,,,
5,GGGGGGGGGG,AAGGGTTGGC,159945,,,,
5,CCGGAGGAAG,AGGGCGTTCA,159624,,,,
5,CTTGCATAAA,AACATCCGCA,151026,,,,
5,NCTNTACGTG,AGGGCGTTCA,148636,,,,
5,GANNNNNNNC,GTTTCTAATG,146856,,,,
5,ACTTTTAAGT,AGGGCGTTCA,146661,,,,
5,GATAACCTGC,GTCTAATGGT,145825,,,,
5,NNNNACCTNC,GTTTCTAATG,144262,,,,
5,CCTTCACACA,AAGCCCTTCC,144136,,,,
5,GATAACNNNC,GTTTCTAATG,137796,,,,
5,GATAANNNNC,GTTTCTAATG,136927,,,,
5,ACTTTACGTG,AAGGGTTGGC,132690,,,,
5,ACTCCCCTTC,ATTTCTCCCA,132421,,,,
5,CCGGAGGAAG,AAGCCCTGAT,131067,,,,
5,GGGGGGGGGG,AACATCCGCA,130211,,,,
5,CTTGCATAAA,AGGTAACACT,127695,,,,
5,CTTGCATAAA,AAGCCTGATG,126315,,,,
5,ACTTTACGTG,AGGGCGTGAA,124637,,,,
5,GATAACCTGC,AGGTAACACT,123255,,,,
5,GTAACCTGCA,GTTTCTAATG,122691,,,,
5,ACTTTACGTG,AGGGCGTCAG,119170,,,,
5,GATAACCTGC,GTTTCTATGG,114668,,,,
5,ACTTTACGTG,AGGGCGTTAG,114324,,,,
5,GATAACCTGC,AACATCCGCA,114021,,,,
5,CCGGAGGNNG,AACATCCGCA,113244,,,,
5,CTTGAATAAA,GGGGGGGGGG,111923,,,,
5,CTTGCATAAA,GGGGGGTGGG,111050,,,,
5,GATAACCTGC,GTTTCAATGG,109079,,,,
5,CTTGCATAAA,AGCCCTGATG,108796,,,,
5,GATAACCTGC,AAGGGTTGGC,108611,,,,
6,ACTTTACGTG,GGGGGGGGGG,7749348,,,,
6,CTTGCATAAA,GGGGGGGGGG,7737720,,,,
6,ACTTACGTGA,AGGGCGTTCA,2164372,,,,
6,GGGGGGGGGG,GTTTCTAATG,1293374,,,,
6,GGGGGGGGGG,AGGGCGTTCA,1260399,,,,
6,ACTTTACGTG,AAGCCCTGAT,1124562,,,,
6,CTTGCATAAA,AGGGCGTTCA,1064098,,,,
6,GGGGGGGGGG,AAGCCCTGAT,1037126,,,,
6,CTGCATAAAA,AAGCCCTGAT,932693,,,,
6,ACTTTACGTG,GTTTCTAATG,918889,,,,
6,GATAACCTGC,AGGGCGTTCA,866391,,,,
6,TTGCATAAAA,AAGCCCTGAT,675766,,,,
6,GATAACCTGC,AAGCCCTGAT,669023,,,,
6,CTTGCATAAA,GTTTCTAATG,657805,,,,
6,GATAACCTGC,GGGGGGGGGG,636437,,,,
6,GTGGATCAAA,AGGGCGTTCA,532532,,,,
6,ACTTTACTGA,AGGGCGTTCA,532122,,,,
6,GTGGATCAAA,AAGCCCTGAT,521333,,,,
6,GATAACCTGC,GTTCTAATGG,497020,,,,
6,GGGGGGGGGG,AGGTAACACT,459854,,,,
6,GTAACATGCG,AGGGCGTTCA,449988,,,,
6,ACTTTAAGTG,GGGGGGGGGG,411732,,,,
6,GTAACATGCG,GGGGGGGGGG,387530,,,,
6,GTGGATCAAA,AAGGGTTGGA,383019,,,,
6,ATTTACGTGA,AGGGCGTTCA,382309,,,,
6,CTTCATAAAA,AAGCCCTGAT,376700,,,,
6,GTGGATCAAA,GTTTCTAATG,375331,,,,
6,ACTTTCGTGA,AGGGCGTTCA,363941,,,,
6,GTAACATGCG,AAGCCCTGAT,347323,,,,
6,ACTTTAGTGA,AGGGCGTTCA,341973,,,,
6,CTTTACGTGA,AGGGCGTTCA,336923,,,,
6,GTAACATGCG,GTTTCTAATG,328580,,,,
6,ATAACCTGCA,GTTTCTAATG,328474,,,,
6,CGGAGGAAGA,AACATCCGCA,311330,,,,
6,ACTTTACGGA,AGGGCGTTCA,303218,,,,
6,GATACCTGCA,GTTTCTAATG,298706,,,,
6,GATAACTGCA,GTTTCTAATG,298070,,,,
6,TTTACGTGAT,AGGGCGTTCA,266759,,,,
6,CTTGATAAAA,AAGCCCTGAT,259376,,,,
6,CCGAGGAAGA,AACATCCGCA,246127,,,,
6,GATAACCTCA,GTTTCTAATG,245410,,,,
6,ACTTTACGTG,GGGGGGGGAG,243633,,,,
6,ACTTTACGTG,AACATCCGCA,241428,,,,
6,ACTTTACGTG,AGGCGTTCAG,222547,,,,
6,GATAACCGCA,GTTTCTAATG,217769,,,,
6,ACTTTACGTG,AGGTAACACT,216821,,,,
6,CTTGCTAAAA,AAGCCCTGAT,206572,,,,
6,GTGGATCAAA,GGGGGGGGGG,192312,,,,
6,CCGGAGGAAG,AGGGCGTTCA,183857,,,,
6,GGGGGGGGGG,AAGGGTTGGC,175452,,,,
6,GTGGATCAAA,AAGGGTTGGT,173212,,,,
6,GAAACCTGCA,GTTTCTAATG,173194,,,,
6,CTTGCATAAA,AACATCCGCA,172915,,,,
6,CCTTCACACA,AAGCCCTTCC,163565,,,,
6,ACTTTACGTG,AGGGCGTGAA,158443,,,,
6,ACTCCCCTTC,ATTTCTCCCA,156277,,,,
6,CCGGAGGAAG,AAGCCCTGAT,153232,,,,
6,ACTTTTAAGT,AGGGCGTTCA,151559,,,,
6,ACTTTACGTG,AAGGGTTGGC,149714,,,,
6,CTTGCATAAA,AGGTAACACT,148880,,,,
6,CTTGCATAAA,GGGGGGTGGG,145875,,,,
6,GGGGGGGGGG,AACATCCGCA,145432,,,,
6,GATAACCTGC,GTCTAATGGT,145403,,,,
6,GATAACCTGC,AGGTAACACT,143993,,,,
6,CTTGCATAAA,AAGCCTGATG,132452,,,,
6,GTAACCTGCA,GTTTCTAATG,130902,,,,
6,ACTTTACGTG,AGGGCGTCAG,130690,,,,
6,GATAACCTGC,AACATCCGCA,130465,,,,
6,GATAACCTGC,GTTTCTATGG,120447,,,,
6,CCGGAGGAAG,GTTTCTAATG,118701,,,,
6,GATAACCTGC,AAGGGTTGGC,118145,,,,
6,ACTTTACGTG,AGGGCGTTAG,116649,,,,
6,CTTGCATAAA,AGCCCTGATG,114089,,,,
6,GATAACCTGC,GTTTCAATGG,113908,,,,
6,CCGGAGGAAG,GGGGGGGGGG,113115,,,,
6,CCTACCCCAC,ACTCCCCACT,104845,,,,
6,CTTGCATAAA,AGGGCGTGAG,93823,,,,
6,CTTGCATAAA,AAGGGTTGGC,92291,,,,
6,GATAACCTGC,GTTTTAATGG,91818,,,,
6,GTGGATCAAA,AACATCCGCA,91402,,,,
6,ACTTTACGTG,GGGCGTTCAG,88134,,,,
6,CTTGCATAAA,GGGGCGTGGG,86866,,,,
6,GTGGATCAAA,AGGTAACACT,86567,,,,
6,ACTTTACGTG,AGGGGGGGGG,86095,,,,
6,CTTGCATAAA,AAGCCCCTGA,85231,,,,
6,ACTTTACGTG,NGGGGGGGGG,84331,,,,
6,CTTTGCATAA,AAGCCCTGAT,83553,,,,
6,CTTGCATAAA,AAGCCCTATG,81675,,,,
6,CTGAATAAAA,AAGCCCTGAT,80704,,,,
6,CCGGAGAAGA,AACATCCGCA,80628,,,,
6,CGGGGGGGGG,AAGCCCTGAT,80171,,,,
6,TTTAAGTGAT,AGGGCGTTCA,79440,,,,
6,CTTGCATAAA,AGGGGGGGGG,79293,,,,
6,CTTGAATAAA,GGGGGGGGGG,78212,,,,
6,CCCCCCCCCC,ACCCCCCCCC,77430,,,,
6,CTTGCATAAA,NGGGGGGGGG,76652,,,,
6,GATAACCTGC,GTCTCATGGT,75492,,,,
6,ACTTTACGTG,AGGGCGTTTC,73464,,,,
6,CTTAATAAAA,AAGCCCTGAT,72279,,,,
6,ACTTTACGTG,AGGGCGTGAG,69554,,,,
7,CTTGCATAAA,GGGGGGGGGG,7443130,,,,
7,ACTTTACGTG,GGGGGGGGGG,7385285,,,,
7,ACTTACGTGA,AGGGCGTTCA,2153856,,,,
7,GGGGGGGGGG,GTTTCTAATG,1282626,,,,
7,GGGGGGGGGG,AGGGCGTTCA,1238966,,,,
7,GGGGGGGGGG,AAGCCCTGAT,1029059,,,,
7,ACTTTACGTG,AAGCCCTGAT,1024277,,,,
7,CTTGCATAAA,AGGGCGTTCA,966063,,,,
7,CTGCATAAAA,AAGCCCTGAT,927670,,,,
7,ACTTTACGTG,GTTTCTAATG,846559,,,,
7,GATAACCTGC,AGGGCGTTCA,789101,,,,
7,TTGCATAAAA,AAGCCCTGAT,672901,,,,
7,GATAACCTGC,GGGGGGGGGG,619842,,,,
7,GATAACCTGC,AAGCCCTGAT,608961,,,,
7,CTTGCATAAA,GTTTCTAATG,604227,,,,
7,ACTTTACTGA,AGGGCGTTCA,533998,,,,
7,GATAACCTGC,GTTCTAATGG,495131,,,,
7,GTGGATCAAA,AGGGCGTTCA,475436,,,,
7,GTGGATCAAA,AAGCCCTGAT,467982,,,,
7,GGGGGGGGGG,AGGTAACACT,451602,,,,
7,GTAACATGCG,AGGGCGTTCA,401681,,,,
7,GTAACATGCG,GGGGGGGGGG,393793,,,,
7,ATTTACGTGA,AGGGCGTTCA,380083,,,,
7,CTTCATAAAA,AAGCCCTGAT,374234,,,,
7,GTGGATCAAA,AAGGGTTGGA,371518,,,,
7,ACTTTCGTGA,AGGGCGTTCA,361793,,,,
7,ACTTTAAGTG,GGGGGGGGGG,348571,,,,
7,ACTTTAGTGA,AGGGCGTTCA,339291,,,,
7,GTGGATCAAA,GTTTCTAATG,337085,,,,
7,CTTTACGTGA,AGGGCGTTCA,335462,,,,
7,ATAACCTGCA,GTTTCTAATG,326846,,,,
7,GTAACATGCG,AAGCCCTGAT,311694,,,,
7,CGGAGGAAGA,AACATCCGCA,308621,,,,
7,ACTTTACGGA,AGGGCGTTCA,301881,,,,
7,GATACCTGCA,GTTTCTAATG,301814,,,,
7,GATAACTGCA,GTTTCTAATG,295002,,,,
7,GTAACATGCG,GTTTCTAATG,293198,,,,
7,TTTACGTGAT,AGGGCGTTCA,275568,,,,
7,CTTGATAAAA,AAGCCCTGAT,255032,,,,
7,GATAACCTCA,GTTTCTAATG,246971,,,,
7,CCGAGGAAGA,AACATCCGCA,245478,,,,
7,ACTTTACGTG,AGGCGTTCAG,221805,,,,
7,ACTTTACGTG,AACATCCGCA,219803,,,,
7,GATAACCGCA,GTTTCTAATG,217789,,,,
7,CTTGCTAAAA,AAGCCCTGAT,207898,,,,
7,ACTTTACGTG,GGGGGGGGAG,206817,,,,
7,ACTTTACGTG,AGGTAACACT,195951,,,,
7,GTGGATCAAA,GGGGGGGGGG,188598,,,,
7,GAAACCTGCA,GTTTCTAATG,173546,,,,
7,GGGGGGGGGG,AAGGGTTGGC,171154,,,,
7,CCGGAGGAAG,AGGGCGTTCA,166126,,,,
7,GTGGATCAAA,AAGGGTTGGT,163105,,,,
7,CTTGCATAAA,AACATCCGCA,157693,,,,
7,ACTTTTAAGT,AGGGCGTTCA,152676,,,,
7,GGGGGGGGGG,AACATCCGCA,144526,,,,
7,CCTTCACACA,AAGCCCTTCC,142012,,,,
7,GATAACCTGC,GTCTAATGGT,141528,,,,
7,ACTTTACGTG,AGGGCGTGAA,139447,,,,
7,CCGGAGGAAG,AAGCCCTGAT,137082,,,,
7,CTTGCATAAA,AGGTAACACT,135008,,,,
7,ACTTTACGTG,AAGGGTTGGC,134717,,,,
7,CTTGCATAAA,GGGGGGTGGG,134202,,,,
7,CTTGCATAAA,AAGCCTGATG,133729,,,,
7,ACTCCCCTTC,ATTTCTCCCA,133662,,,,
7,GTAACCTGCA,GTTTCTAATG,131623,,,,
7,GATAACCTGC,AGGTAACACT,129877,,,,
7,ACTTTACGTG,AGGGCGTCAG,128524,,,,
7,GATAACCTGC,GTTTCTATGG,119055,,,,
7,GATAACCTGC,AACATCCGCA,119039,,,,
7,CTTGCATAAA,AGCCCTGATG,115322,,,,
7,GATAACCTGC,GTTTCAATGG,113543,,,,
7,ACTTTACGTG,AGGGCGTTAG,112789,,,,
7,GATAACCTGC,AAGGGTTGGC,110733,,,,
7,CCGGAGGAAG,GTTTCTAATG,109900,,,,
7,CCGGAGGAAG,GGGGGGGGGG,109723,,,,
7,ACTTTACGTG,AGGGGGGGGG,102235,,,,
7,CTTGCATAAA,AAGCCCCTGA,93700,,,,
7,CTTGCATAAA,AGGGGGGGGG,93379,,,,
7,GATAACCTGC,GTTTTAATGG,91290,,,,
7,CCTACCCCAC,ACTCCCCACT,90451,,,,
7,ACTTTACGTG,GGGCGTTCAG,87677,,,,
7,TTTAAGTGAT,AGGGCGTTCA,84072,,,,
7,CTTTGCATAA,AAGCCCTGAT,83941,,,,
7,CTTGCATAAA,AAGGGTTGGC,82409,,,,
7,CTGAATAAAA,AAGCCCTGAT,82215,,,,
7,CTTGCATAAA,AAGCCCTATG,82025,,,,
7,CTTGCATAAA,AGGGCGTGAG,81662,,,,
7,GTGGATCAAA,AACATCCGCA,81429,,,,
7,CCGGAGAAGA,AACATCCGCA,79682,,,,
7,GATAACCTGC,GTCTCATGGT,77779,,,,
7,GTGGATCAAA,AGGTAACACT,77376,,,,
7,CGGGGGGGGG,AAGCCCTGAT,76248,,,,
7,CTTGCATAAA,GGGGCGTGGG,76095,,,,
7,CTTAATAAAA,AAGCCCTGAT,74653,,,,
7,ACTTTACGTG,AGGGCGTTTC,73108,,,,
7,GATTTACGTG,AGGGCGTTCA,68163,,,,
7,ACTTTACGTG,AGGGCGTGAG,62751,,,,
7,CCTTGCATAA,AAGCCCTGAT,62532,,,,
7,CTTGCATAAA,AAGCCCGATG,61832,,,,
7,GTAACATGCG,AACATCCGCA,59827,,,,
8,CTTGCATAAA,GGGGGGGGGG,5577542,,,,
8,ACTTTACGTG,GGGGGGGGGG,5086144,,,,
8,ACTTACGTGA,AGGGCGTTCA,2091713,,,,
8,GGGGGGGGGG,GTTTCTAATG,1201548,,,,
8,GGGGGGGGGG,AGGGCGTTCA,1158426,,,,
8,ACTTTACGTG,AAGCCCTGAT,1040657,,,,
8,CTTGCATAAA,AGGGCGTTCA,973319,,,,
8,GGGGGGGGGG,AAGCCCTGAT,970855,,,,
8,CTGCATAAAA,AAGCCCTGAT,891332,,,,
8,ACTTTACGTG,GTTTCTAATG,851458,,,,
8,GATAACCTGC,AGGGCGTTCA,792359,,,,
8,TTGCATAAAA,AAGCCCTGAT,643561,,,,
8,GATAACCTGC,AAGCCCTGAT,612805,,,,
8,CTTGCATAAA,GTTTCTAATG,601867,,,,
8,ACTTTACTGA,AGGGCGTTCA,517293,,,,
8,GTGGATCAAA,AGGGCGTTCA,497707,,,,
8,GTGGATCAAA,AAGCCCTGAT,480201,,,,
8,GATAACCTGC,GTTCTAATGG,472752,,,,
8,GGGGGGGGGG,AGGTAACACT,435760,,,,
8,GTAACATGCG,AGGGCGTTCA,417516,,,,
8,GATAACCTGC,GGGGGGGGGG,387000,,,,
8,ATTTACGTGA,AGGGCGTTCA,370805,,,,
8,CTTCATAAAA,AAGCCCTGAT,360394,,,,
8,ACTTTCGTGA,AGGGCGTTCA,349174,,,,
8,GTGGATCAAA,GTTTCTAATG,347332,,,,
8,GTGGATCAAA,AAGGGTTGGA,336974,,,,
8,CTTTACGTGA,AGGGCGTTCA,326939,,,,
8,ACTTTAGTGA,AGGGCGTTCA,326269,,,,
8,GTAACATGCG,AAGCCCTGAT,323842,,,,
8,ATAACCTGCA,GTTTCTAATG,312944,,,,
8,GTAACATGCG,GGGGGGGGGG,311437,,,,
8,GTAACATGCG,GTTTCTAATG,301939,,,,
8,ACTTTACGGA,AGGGCGTTCA,293694,,,,
8,CGGAGGAAGA,AACATCCGCA,292293,,,,
8,GATACCTGCA,GTTTCTAATG,287949,,,,
8,GATAACTGCA,GTTTCTAATG,283531,,,,
8,TTTACGTGAT,AGGGCGTTCA,258699,,,,
8,ACTTTAAGTG,GGGGGGGGGG,255559,,,,
8,CTTGATAAAA,AAGCCCTGAT,246451,,,,
8,GATAACCTCA,GTTTCTAATG,237411,,,,
8,CCGAGGAAGA,AACATCCGCA,231334,,,,
8,ACTTTACGTG,AACATCCGCA,222151,,,,
8,ACTTTACGTG,AGGCGTTCAG,217332,,,,
8,GATAACCGCA,GTTTCTAATG,210492,,,,
8,CTTGCTAAAA,AAGCCCTGAT,199468,,,,
8,ACTTTACGTG,AGGTAACACT,197915,,,,
8,GTGGATCAAA,AAGGGTTGGT,195061,,,,
8,GAAACCTGCA,GTTTCTAATG,166418,,,,
8,CCGGAGGAAG,AGGGCGTTCA,165798,,,,
8,ACTTTACGTG,GGGGGGGGAG,165534,,,,
8,GGGGGGGGGG,AAGGGTTGGC,160990,,,,
8,CTTGCATAAA,AACATCCGCA,158250,,,,
8,CCTTCACACA,AAGCCCTTCC,156050,,,,
8,GTGGATCAAA,GGGGGGGGGG,151296,,,,
8,ACTCCCCTTC,ATTTCTCCCA,146603,,,,
8,ACTTTTAAGT,AGGGCGTTCA,145233,,,,
8,CCGGAGGAAG,AAGCCCTGAT,138495,,,,
8,CTTGCATAAA,AGGTAACACT,136274,,,,
8,GATAACCTGC,GTCTAATGGT,134411,,,,
8,ACTTTACGTG,AAGGGTTGGC,133101,,,,
8,GGGGGGGGGG,AACATCCGCA,132141,,,,
8,GATAACCTGC,AGGTAACACT,129907,,,,
8,CTTGCATAAA,AAGCCTGATG,129029,,,,
8,ACTTTACGTG,AGGGCGTCAG,124435,,,,
8,GTAACCTGCA,GTTTCTAATG,124200,,,,
8,GATAACCTGC,AACATCCGCA,118473,,,,
8,GATAACCTGC,GTTTCTATGG,113121,,,,
8,CTTGCATAAA,AGCCCTGATG,110772,,,,
8,CCGGAGGAAG,GTTTCTAATG,110263,,,,
8,GATAACCTGC,AAGGGTTGGC,109156,,,,
8,GATAACCTGC,GTTTCAATGG,108657,,,,
8,ACTTTACGTG,AGGGCGTGAA,106513,,,,
8,ACTTTACGTG,AGGGCGTTAG,104859,,,,
8,CTTGCATAAA,GGGGGGTGGG,100864,,,,
8,CCTACCCCAC,ACTCCCCACT,98899,,,,
8,GGGGGGGGGG,GGGGGGGGGG,93725,,,,
8,GATAACCTGC,GTTTTAATGG,86362,,,,
8,ACTTTACGTG,GGGCGTTCAG,86123,,,,
8,GTGGATCAAA,AACATCCGCA,83739,,,,
8,CTTGCATAAA,AAGCCCCTGA,82677,,,,
8,GTGGATCAAA,AGGTAACACT,80631,,,,
8,CTTGCATAAA,AAGGGTTGGC,80466,,,,
8,CTTTGCATAA,AAGCCCTGAT,80089,,,,
8,CTTGCATAAA,AAGCCCTATG,78579,,,,
8,CTGAATAAAA,AAGCCCTGAT,77550,,,,
8,CCGGAGAAGA,AACATCCGCA,75777,,,,
8,GATAACCTGC,GTCTCATGGT,74873,,,,
8,TTTAAGTGAT,AGGGCGTTCA,74219,,,,
8,CTTGCATAAA,AGGGCGTGAG,73699,,,,
8,ACTTTACGTG,AGGGGGGGGG,71272,,,,
8,ACTTTACGTG,AGGGCGTTTC,71103,,,,
8,CGGGGGGGGG,AAGCCCTGAT,71088,,,,
8,CCGGAGGAAG,GGGGGGGGGG,71082,,,,
8,CTTGCATAAA,AGGGGGGGGG,69692,,,,
8,CTTAATAAAA,AAGCCCTGAT,68841,,,,
8,CTTGCATAAA,GGGGCGTGGG,64834,,,,
8,GATTTACGTG,AGGGCGTTCA,63485,,,,
8,GTAACATGCG,AACATCCGCA,61966,,,,
8,CCTTGCATAA,AAGCCCTGAT,61309,,,,
8,CTTGCATAAA,GGGGGGGGAG,61178,,,,